,웹툰이름,썸네일경로,웹툰디테일경로,집단,x,y,군집
0,뷰티풀 군바리,https://image-comic.pstatic.net/webtoon/648419/thumbnail/thumbnail_IMAG21_d9398229-cbfd-47dc-9208-0a6fb936f3a7.jpg,https://comic.naver.com/webtoon/list?titleId=648419,0,-2.954509735107422,-0.3436034023761749,0.0
1,신의 탑,https://image-comic.pstatic.net/webtoon/183559/thumbnail/thumbnail_IMAG21_5f3fec31-5c95-4afe-a73f-3046288edb47.jpg,https://comic.naver.com/webtoon/list?titleId=183559,4,1.115393877029419,-1.0909770727157593,4.0
2,퀘스트지상주의,https://image-comic.pstatic.net/webtoon/783052/thumbnail/thumbnail_IMAG21_e14cbea7-8416-40e7-9aae-ccff970ac88f.jpg,https://comic.naver.com/webtoon/list?titleId=783052,2,-0.963524580001831,7.515509128570557,2.0
3,똑 닮은 딸,https://image-comic.pstatic.net/webtoon/774866/thumbnail/thumbnail_IMAG21_46cf2e65-7b7c-4fb7-8f54-0078456d8ff0.jpg,https://comic.naver.com/webtoon/list?titleId=774866,4,-1.0877950191497803,-6.093815803527832,4.0
4,백수세끼,https://image-comic.pstatic.net/webtoon/733074/thumbnail/thumbnail_IMAG21_80df3e76-47af-4007-b57c-e8f2830835e5.jpg,https://comic.naver.com/webtoon/list?titleId=733074,1,0.5234720706939697,7.1132049560546875,1.0
5,윈드브레이커,https://image-comic.pstatic.net/webtoon/602910/thumbnail/thumbnail_IMAG21_e861f2cf-6157-4d33-8e02-7b4cbf0a8baf.jpg,https://comic.naver.com/webtoon/list?titleId=602910,0,-3.2582271099090576,-0.6091877818107605,0.0
6,장씨세가 호위무사,https://image-comic.pstatic.net/webtoon/728750/thumbnail/thumbnail_IMAG21_47c21251-b213-4882-bacc-15adce1acfc8.jpg,https://comic.naver.com/webtoon/list?titleId=728750,2,-1.8662748336791992,0.9168243408203125,2.0
7,소녀의 세계,https://image-comic.pstatic.net/webtoon/654774/thumbnail/thumbnail_IMAG21_4048794550434817075.jpg,https://comic.naver.com/webtoon/list?titleId=654774,1,0.05385413020849228,2.869361400604248,1.0
8,신화급 귀속 아이템을 손에 넣었다,https://image-comic.pstatic.net/webtoon/795297/thumbnail/thumbnail_IMAG21_4134925888999731505.jpg,https://comic.naver.com/webtoon/list?titleId=795297,2,-4.191805839538574,2.582841634750366,2.0
9,버림받은 왕녀의 은밀한 침실,https://image-comic.pstatic.net/webtoon/796867/thumbnail/thumbnail_IMAG21_77aa5064-b42b-4838-912e-2c6266c53a74.jpg,https://comic.naver.com/webtoon/list?titleId=796867,2,-1.3216170072555542,2.1214733123779297,2.0
10,앵무살수,https://image-comic.pstatic.net/webtoon/739115/thumbnail/thumbnail_IMAG21_7077747896626722102.jpg,https://comic.naver.com/webtoon/list?titleId=739115,1,4.989471912384033,4.939274787902832,1.0
11,별난식당,https://image-comic.pstatic.net/webtoon/806189/thumbnail/thumbnail_IMAG21_292de414-bd9a-418d-a4e9-d97060398223.jpg,https://comic.naver.com/webtoon/list?titleId=806189,1,0.5368499755859375,7.8237762451171875,1.0
12,퍼니게임,https://image-comic.pstatic.net/webtoon/801035/thumbnail/thumbnail_IMAG21_01fd148f-edb2-4ada-9571-910981ec3376.jpg,https://comic.naver.com/webtoon/list?titleId=801035,1,4.018199920654297,3.700040817260742,1.0
13,호랑신랑뎐,https://image-comic.pstatic.net/webtoon/795643/thumbnail/thumbnail_IMAG21_bf51fa0f-e374-49f8-973d-c17c5385bbef.jpg,https://comic.naver.com/webtoon/list?titleId=795643,3,5.75834321975708,-5.843437194824219,3.0
14,절대검감,https://image-comic.pstatic.net/webtoon/796075/thumbnail/thumbnail_IMAG21_31f75c4c-81c9-454a-8d92-9e23b577e1a5.jpg,https://comic.naver.com/webtoon/list?titleId=796075,0,-4.427379608154297,-0.08690766990184784,0.0
15,만렙돌파,https://image-comic.pstatic.net/webtoon/759940/thumbnail/thumbnail_IMAG21_3976787538998813497.jpg,https://comic.naver.com/webtoon/list?titleId=759940,0,-4.9157395362854,-0.7579792141914368,0.0
16,물어보는 사이,https://image-comic.pstatic.net/webtoon/772725/thumbnail/thumbnail_IMAG21_7769fa4b-5f29-4622-af74-613bda6a47ef.jpg,https://comic.naver.com/webtoon/list?titleId=772725,1,-0.22194021940231323,4.880307197570801,1.0
17,잔불의 기사,https://image-comic.pstatic.net/webtoon/768536/thumbnail/thumbnail_IMAG21_91c5c081-77e6-4516-a503-2f45aad57401.jpg,https://comic.naver.com/webtoon/list?titleId=768536,1,3.339430570602417,3.306210994720459,1.0
18,꼬리잡기,https://image-comic.pstatic.net/webtoon/758666/thumbnail/thumbnail_IMAG21_7364564497641911606.jpg,https://comic.naver.com/webtoon/list?titleId=758666,1,1.212467908859253,0.4978855550289154,1.0
19,리턴 투 플레이어,https://image-comic.pstatic.net/webtoon/752414/thumbnail/thumbnail_IMAG21_b66a0f20-01c1-4b3f-ab8e-1d5ca6f089fe.jpg,https://comic.naver.com/webtoon/list?titleId=752414,0,-3.1566808223724365,-2.34529447555542,0.0
20,북부 공작님을 유혹하겠습니다,https://image-comic.pstatic.net/webtoon/794421/thumbnail/thumbnail_IMAG21_7149805464895174963.jpg,https://comic.naver.com/webtoon/list?titleId=794421,2,-2.1527037620544434,5.263567924499512,2.0
21,순정말고 순종,https://image-comic.pstatic.net/webtoon/761461/thumbnail/thumbnail_IMAG21_e3c857a7-900b-4085-969a-75d9127b5a38.jpg,https://comic.naver.com/webtoon/list?titleId=761461,4,0.7143492698669434,-4.092901706695557,4.0
22,히어로메이커,https://image-comic.pstatic.net/webtoon/21815/thumbnail/thumbnail_IMAG21_7292511306663934265.jpg,https://comic.naver.com/webtoon/list?titleId=21815,3,6.273444652557373,-1.8735685348510742,3.0
23,나 없는 단톡방,https://image-comic.pstatic.net/webtoon/805907/thumbnail/thumbnail_IMAG21_ab626e51-db74-46ff-8fdb-4a62edbc4fd1.jpg,https://comic.naver.com/webtoon/list?titleId=805907,0,-7.541346073150635,-2.101142644882202,0.0
24,결혼생활 그림일기,https://image-comic.pstatic.net/webtoon/741891/thumbnail/thumbnail_IMAG21_47b971e4-00b6-451b-862e-1060bae5a80d.jpg,https://comic.naver.com/webtoon/list?titleId=741891,3,6.005454063415527,-0.5457331538200378,3.0
25,루루라라 우리네 인생,https://image-comic.pstatic.net/webtoon/802039/thumbnail/thumbnail_IMAG21_a7a82a34-586c-4acf-b6f2-ab052be786f1.jpg,https://comic.naver.com/webtoon/list?titleId=802039,3,5.808308124542236,-0.37204980850219727,3.0
26,신군,https://image-comic.pstatic.net/webtoon/783050/thumbnail/thumbnail_IMAG21_ca9a662b-7a79-4e80-94c9-d62ebe597aad.jpg,https://comic.naver.com/webtoon/list?titleId=783050,0,-6.759620666503906,-4.41269063949585,0.0
27,엘프,https://image-comic.pstatic.net/webtoon/808776/thumbnail/thumbnail_IMAG21_fb25d2f3-790c-48db-beaf-c2504f4ed4c0.jpg,https://comic.naver.com/webtoon/list?titleId=808776,3,3.713151216506958,-0.659600019454956,3.0
28,천재 타자가 강속구를 숨김,https://image-comic.pstatic.net/webtoon/807775/thumbnail/thumbnail_IMAG21_91cb8ff9-5be3-40ba-8df9-661972577cd2.jpg,https://comic.naver.com/webtoon/list?titleId=807775,4,-0.9912440180778503,-0.8749305009841919,4.0
29,"또다시, 계약 부부",https://image-comic.pstatic.net/webtoon/774040/thumbnail/thumbnail_IMAG21_7365182423173379889.jpg,https://comic.naver.com/webtoon/list?titleId=774040,2,-5.25856351852417,5.236787796020508,2.0
30,다시쓰는 연애사,https://image-comic.pstatic.net/webtoon/793274/thumbnail/thumbnail_IMAG21_25a04dea-a6d3-4232-8c86-35bec996fde1.jpg,https://comic.naver.com/webtoon/list?titleId=793274,4,-1.0422405004501343,-2.002885341644287,4.0
31,더블클릭,https://image-comic.pstatic.net/webtoon/769663/thumbnail/thumbnail_IMAG21_935bf47d-9219-4f45-8a58-d5a7af13ce51.jpg,https://comic.naver.com/webtoon/list?titleId=769663,4,3.2051289081573486,-5.478111743927002,4.0
32,"아, 쫌 참으세요 영주님!",https://image-comic.pstatic.net/webtoon/774703/thumbnail/thumbnail_IMAG21_b33df570-a89d-42c7-bcfb-6a946c4b8846.jpg,https://comic.naver.com/webtoon/list?titleId=774703,1,1.1433814764022827,1.9885313510894775,1.0
33,인섹터,https://image-comic.pstatic.net/webtoon/801710/thumbnail/thumbnail_IMAG21_b65d115a-9224-4d45-9773-18addbc432d3.jpg,https://comic.naver.com/webtoon/list?titleId=801710,1,4.1530537605285645,3.850940227508545,1.0
34,파운더,https://image-comic.pstatic.net/webtoon/791205/thumbnail/thumbnail_IMAG21_7149240538535388720.jpg,https://comic.naver.com/webtoon/list?titleId=791205,1,2.314671516418457,5.221844673156738,1.0
35,어쌔신 크리드 - 잊혀진 사원,https://image-comic.pstatic.net/webtoon/808760/thumbnail/thumbnail_IMAG21_41bce5b2-aa2a-4186-94ea-22bf8b37488a.jpg,https://comic.naver.com/webtoon/list?titleId=808760,0,-4.791503429412842,-3.939915418624878,0.0
36,서브 남주가 파업하면 생기는 일,https://image-comic.pstatic.net/webtoon/803518/thumbnail/thumbnail_IMAG21_32d146f5-7e22-4fe4-bc73-92b2e446d7f7.jpg,https://comic.naver.com/webtoon/list?titleId=803518,3,2.7317545413970947,-0.3249065577983856,3.0
37,쥴리에타의 드레스 업,https://image-comic.pstatic.net/webtoon/808711/thumbnail/thumbnail_IMAG21_d0fb6e8e-bae0-4561-b537-bd84a6b3cb09.jpg,https://comic.naver.com/webtoon/list?titleId=808711,2,-2.376976728439331,3.6832380294799805,2.0
38,꿈의 기업,https://image-comic.pstatic.net/webtoon/687915/thumbnail/thumbnail_IMAG21_d46ad6b8-e9a8-4bc8-b501-e62adfee0eb6.jpg,https://comic.naver.com/webtoon/list?titleId=687915,3,4.469151973724365,-4.689930438995361,3.0
39,오빠집이 비어서,https://image-comic.pstatic.net/webtoon/780414/thumbnail/thumbnail_IMAG21_fc2621b0-84c3-404d-a18d-5925dba6ab77.jpg,https://comic.naver.com/webtoon/list?titleId=780414,1,-0.11389753967523575,5.823584079742432,1.0
40,러브 똘츄얼리,https://image-comic.pstatic.net/webtoon/811129/thumbnail/thumbnail_IMAG21_1a8fbb34-0add-4b60-97ed-d51db4cc3361.jpg,https://comic.naver.com/webtoon/list?titleId=811129,3,2.4515974521636963,-3.0453333854675293,3.0
41,수영만화일기,https://image-comic.pstatic.net/webtoon/768534/thumbnail/thumbnail_IMAG21_25248bb7-e4d2-41ea-b011-9553c343330b.jpg,https://comic.naver.com/webtoon/list?titleId=768534,3,5.741567134857178,-1.4062548875808716,3.0
42,강남의 기사,https://image-comic.pstatic.net/webtoon/802865/thumbnail/thumbnail_IMAG21_9c102547-7b81-4dbb-9b8f-e7e852b31a88.jpg,https://comic.naver.com/webtoon/list?titleId=802865,2,-2.9168992042541504,6.8074235916137695,2.0
43,사이다걸,https://image-comic.pstatic.net/webtoon/800333/thumbnail/thumbnail_IMAG21_bc491ae3-1eb3-40e3-b332-096f164c6bcb.jpg,https://comic.naver.com/webtoon/list?titleId=800333,3,4.408043384552002,-0.8338586688041687,3.0
44,아슈타르테,https://image-comic.pstatic.net/webtoon/798277/thumbnail/thumbnail_IMAG21_7295ad46-853c-4bd9-8ddf-0c2367734813.jpg,https://comic.naver.com/webtoon/list?titleId=798277,2,-2.8595657348632812,6.7592034339904785,2.0
45,사랑의 헌옷수거함,https://image-comic.pstatic.net/webtoon/758667/thumbnail/thumbnail_IMAG21_3689910875657090614.jpg,https://comic.naver.com/webtoon/list?titleId=758667,4,2.171764612197876,-3.0671439170837402,4.0
46,칼가는 소녀,https://image-comic.pstatic.net/webtoon/730174/thumbnail/thumbnail_IMAG21_301ca9ab-3938-4028-832c-48febddd6cf7.jpg,https://comic.naver.com/webtoon/list?titleId=730174,1,-0.7685869932174683,1.0324159860610962,1.0
47,헬크래프트,https://image-comic.pstatic.net/webtoon/800034/thumbnail/thumbnail_IMAG21_a340a6df-b77c-436a-a729-70927915634d.jpg,https://comic.naver.com/webtoon/list?titleId=800034,2,-4.344250679016113,2.9589455127716064,2.0
48,우산 없는 애,https://image-comic.pstatic.net/webtoon/796059/thumbnail/thumbnail_IMAG21_dacecec6-8bea-47b2-b91a-3a1bb19fae21.jpg,https://comic.naver.com/webtoon/list?titleId=796059,2,-3.653404951095581,6.23077917098999,2.0
49,매지컬 급식:암살법사,https://image-comic.pstatic.net/webtoon/791062/thumbnail/thumbnail_IMAG21_d358a9ab-09bc-436b-8a77-076cae2ea8d1.jpg,https://comic.naver.com/webtoon/list?titleId=791062,1,0.7954286336898804,4.617656707763672,1.0
50,하루의 하루,https://image-comic.pstatic.net/webtoon/774302/thumbnail/thumbnail_IMAG21_4121973654889457249.jpg,https://comic.naver.com/webtoon/list?titleId=774302,3,3.2266924381256104,-2.8520195484161377,3.0
51,피폐물의 해피엔딩을 위하여,https://image-comic.pstatic.net/webtoon/805437/thumbnail/thumbnail_IMAG21_e830e751-20be-4c57-a6ff-f299588d05b6.jpg,https://comic.naver.com/webtoon/list?titleId=805437,2,-2.9461123943328857,3.351193428039551,2.0
52,랭커,https://image-comic.pstatic.net/webtoon/801827/thumbnail/thumbnail_IMAG21_46875d4a-190f-4663-bac5-0d3003263646.jpg,https://comic.naver.com/webtoon/list?titleId=801827,0,-6.350204944610596,0.2216249704360962,0.0
53,라서드,https://image-comic.pstatic.net/webtoon/756140/thumbnail/thumbnail_IMAG21_7c527b6e-773f-40c8-aa1a-5cbd9e7dc482.jpg,https://comic.naver.com/webtoon/list?titleId=756140,4,-1.4014124870300293,-1.9363311529159546,4.0
54,입술이 예쁜 남자,https://image-comic.pstatic.net/webtoon/791629/thumbnail/thumbnail_IMAG21_4122541015824753209.jpg,https://comic.naver.com/webtoon/list?titleId=791629,1,1.6888949871063232,1.5088387727737427,1.0
55,경비실에서 안내방송 드립니다,https://image-comic.pstatic.net/webtoon/792780/thumbnail/thumbnail_IMAG21_3617014355049527398.jpg,https://comic.naver.com/webtoon/list?titleId=792780,4,0.5957080125808716,-1.557419776916504,4.0
56,너를 돌려차는 방법,https://image-comic.pstatic.net/webtoon/802551/thumbnail/thumbnail_IMAG21_04fdcd36-c440-4feb-8b3d-573b3584a32f.jpg,https://comic.naver.com/webtoon/list?titleId=802551,3,3.123553991317749,-2.872779607772827,3.0
57,고백어택,https://image-comic.pstatic.net/webtoon/807397/thumbnail/thumbnail_IMAG21_d0a7cee2-4ded-4506-aedf-71c25675247c.jpg,https://comic.naver.com/webtoon/list?titleId=807397,1,2.380218505859375,4.148194789886475,1.0
58,영앤리치가 아니야!,https://image-comic.pstatic.net/webtoon/734574/thumbnail/thumbnail_IMAG21_8688bbf6-1067-465b-9070-4fef7c1ab1cd.jpg,https://comic.naver.com/webtoon/list?titleId=734574,3,2.651352882385254,-2.678433895111084,3.0
59,원하나,https://image-comic.pstatic.net/webtoon/804469/thumbnail/thumbnail_IMAG21_58ca8ef5-6656-45c4-9ad8-45750c2bf575.jpg,https://comic.naver.com/webtoon/list?titleId=804469,0,-6.795843124389648,2.552377462387085,0.0
60,도깨비 부른다,https://image-comic.pstatic.net/webtoon/800618/thumbnail/thumbnail_IMAG21_0e4be823-3c99-480c-923a-eaa554b46646.jpg,https://comic.naver.com/webtoon/list?titleId=800618,4,-0.9992298483848572,-2.6746010780334473,4.0
61,주작연애,https://image-comic.pstatic.net/webtoon/802854/thumbnail/thumbnail_IMAG21_8acfafa7-d1db-42fa-9e01-3b7500650e11.jpg,https://comic.naver.com/webtoon/list?titleId=802854,2,-5.462896823883057,3.407721757888794,2.0
62,파견체,https://image-comic.pstatic.net/webtoon/791256/thumbnail/thumbnail_IMAG21_3833187132113172581.jpg,https://comic.naver.com/webtoon/list?titleId=791256,3,4.92377233505249,-4.524850845336914,3.0
63,악당과 악당이 만나면,https://image-comic.pstatic.net/webtoon/804782/thumbnail/thumbnail_IMAG21_f09967ec-e4e8-4fb8-a8d5-a65db4c6e14e.jpg,https://comic.naver.com/webtoon/list?titleId=804782,2,-4.778158664703369,6.898911952972412,2.0
64,오늘의 비너스,https://image-comic.pstatic.net/webtoon/793944/thumbnail/thumbnail_IMAG21_0c4cd9dc-26bc-4977-88ab-ec2939612bba.jpg,https://comic.naver.com/webtoon/list?titleId=793944,3,4.865502834320068,-1.7817283868789673,3.0
65,"집사, 주세요!",https://image-comic.pstatic.net/webtoon/802033/thumbnail/thumbnail_IMAG21_ccce5530-0976-4a0d-b76c-d54c5620cdd5.jpg,https://comic.naver.com/webtoon/list?titleId=802033,2,-3.4199700355529785,1.625704288482666,2.0
66,메리의 불타는 행복회로,https://image-comic.pstatic.net/webtoon/797253/thumbnail/thumbnail_IMAG21_3adf296f-505b-4824-98b0-61c28432fb2d.jpg,https://comic.naver.com/webtoon/list?titleId=797253,4,-3.7252397537231445,-6.408568382263184,4.0
67,포스트 팬데믹,https://image-comic.pstatic.net/webtoon/807159/thumbnail/thumbnail_IMAG21_e7c75b1e-7bc4-484b-874d-1245f114479e.jpg,https://comic.naver.com/webtoon/list?titleId=807159,0,-2.041471481323242,0.5794225931167603,0.0
68,퇴근 후에 만나요,https://image-comic.pstatic.net/webtoon/801517/thumbnail/thumbnail_IMAG21_0a77b0a7-0677-4228-b88b-84619093999f.jpg,https://comic.naver.com/webtoon/list?titleId=801517,4,-0.23877571523189545,-0.16769801080226898,4.0
69,지옥연애환담,https://image-comic.pstatic.net/webtoon/794156/thumbnail/thumbnail_IMAG21_759dc2a2-7315-4c34-a980-36e176614795.jpeg,https://comic.naver.com/webtoon/list?titleId=794156,2,-2.275047540664673,2.2364563941955566,2.0
70,모스크바의 여명,https://image-comic.pstatic.net/webtoon/772243/thumbnail/thumbnail_IMAG21_3918807214864216674.jpg,https://comic.naver.com/webtoon/list?titleId=772243,3,3.568622589111328,0.6190995573997498,3.0
71,세번째 로망스,https://image-comic.pstatic.net/webtoon/796368/thumbnail/thumbnail_IMAG21_9f304f70-bc24-4cdc-b582-8d1b63d013e0.jpg,https://comic.naver.com/webtoon/list?titleId=796368,3,3.0761477947235107,-0.18319106101989746,3.0
72,트러블리걸,https://image-comic.pstatic.net/webtoon/808074/thumbnail/thumbnail_IMAG21_d4899238-5123-443d-826c-f70b1f3618a5.jpg,https://comic.naver.com/webtoon/list?titleId=808074,3,2.750227689743042,-2.0093438625335693,3.0
73,역주행!,https://image-comic.pstatic.net/webtoon/776256/thumbnail/thumbnail_IMAG21_d520a876-7403-4349-a56a-f1203882bed2.jpg,https://comic.naver.com/webtoon/list?titleId=776256,0,-5.700611114501953,-0.9036961793899536,0.0
74,슈퍼스타 천대리,https://image-comic.pstatic.net/webtoon/785749/thumbnail/thumbnail_IMAG21_7d010b0f-a77f-4449-a910-1816e2c547cc.jpg,https://comic.naver.com/webtoon/list?titleId=785749,2,-3.5632245540618896,5.366262435913086,2.0
75,굿바이 유교보이,https://image-comic.pstatic.net/webtoon/798293/thumbnail/thumbnail_IMAG21_fcea0ff3-a906-43f7-b801-aaf8a2d48b23.jpg,https://comic.naver.com/webtoon/list?titleId=798293,0,-3.4478182792663574,-1.6174358129501343,0.0
76,버그이터,https://image-comic.pstatic.net/webtoon/793067/thumbnail/thumbnail_IMAG21_3544444194497192757.jpg,https://comic.naver.com/webtoon/list?titleId=793067,0,-4.27864408493042,-1.6884002685546875,0.0
77,최후의 금빛아이,https://image-comic.pstatic.net/webtoon/772734/thumbnail/thumbnail_IMAG21_fdecfea5-8ca1-4a32-9c55-34a30f24266d.jpg,https://comic.naver.com/webtoon/list?titleId=772734,0,-5.8937506675720215,2.420501470565796,0.0
78,토마토가 돼라!,https://image-comic.pstatic.net/webtoon/805702/thumbnail/thumbnail_IMAG21_e7e812d2-5d0a-46c6-8a39-b67a5010a7bc.jpg,https://comic.naver.com/webtoon/list?titleId=805702,3,3.0964698791503906,-1.6020399332046509,3.0
79,악취해결사,https://image-comic.pstatic.net/webtoon/807600/thumbnail/thumbnail_IMAG21_f1a481c2-78fb-433d-8db4-01e31b150755.jpg,https://comic.naver.com/webtoon/list?titleId=807600,4,0.13347488641738892,-2.9351675510406494,4.0
80,루크 비셸 따라잡기,https://image-comic.pstatic.net/webtoon/794939/thumbnail/thumbnail_IMAG21_78e1e689-f14c-4fe4-a9fa-27953c051124.jpg,https://comic.naver.com/webtoon/list?titleId=794939,3,2.9375197887420654,0.03599454462528229,3.0
81,결혼공략,https://image-comic.pstatic.net/webtoon/792317/thumbnail/thumbnail_IMAG21_524ed207-a4c2-4864-b8e1-3aef96a7ba41.jpg,https://comic.naver.com/webtoon/list?titleId=792317,4,0.221313014626503,-0.9907422065734863,4.0
82,연애 연기대상,https://image-comic.pstatic.net/webtoon/803123/thumbnail/thumbnail_IMAG21_4a7c5fbd-fe54-484c-a2e6-0ec548fbbb5c.jpg,https://comic.naver.com/webtoon/list?titleId=803123,0,-6.957218647003174,2.628166913986206,0.0
83,중독연구소,https://image-comic.pstatic.net/webtoon/740132/thumbnail/thumbnail_IMAG21_d6f6e062-23d4-432a-a4be-6e1e66f63ede.jpg,https://comic.naver.com/webtoon/list?titleId=740132,1,3.7725820541381836,4.210916519165039,1.0
84,디나운스,https://image-comic.pstatic.net/webtoon/789591/thumbnail/thumbnail_IMAG21_7005123160025948516.jpg,https://comic.naver.com/webtoon/list?titleId=789591,0,-3.9362149238586426,-1.0655603408813477,0.0
85,백호랑,https://image-comic.pstatic.net/webtoon/745654/thumbnail/thumbnail_IMAG21_3978989878055821874.jpg,https://comic.naver.com/webtoon/list?titleId=745654,4,-0.703896164894104,-1.4072456359863281,4.0
86,행운을 부탁해!,https://image-comic.pstatic.net/webtoon/799868/thumbnail/thumbnail_IMAG21_edfa4344-9f13-4a6c-8b9f-00d08cf37a1d.jpg,https://comic.naver.com/webtoon/list?titleId=799868,3,1.9689198732376099,-1.271445870399475,3.0
87,오로지 오로라,https://image-comic.pstatic.net/webtoon/764623/thumbnail/thumbnail_IMAG21_7305232428546929716.jpg,https://comic.naver.com/webtoon/list?titleId=764623,2,-1.2293416261672974,4.942286968231201,2.0
88,별을 쫓는 소년들,https://image-comic.pstatic.net/webtoon/786979/thumbnail/thumbnail_IMAG21_495b3195-2185-458e-a07b-4af0f4ff6532.jpg,https://comic.naver.com/webtoon/list?titleId=786979,2,-1.7020132541656494,5.001120090484619,2.0
89,김부장,https://image-comic.pstatic.net/webtoon/783053/thumbnail/thumbnail_IMAG21_d7732f14-26da-4e35-8762-660cc87b53f1.jpg,https://comic.naver.com/webtoon/list?titleId=783053,1,1.698982834815979,4.443778991699219,1.0
90,내가 키운 S급들,https://image-comic.pstatic.net/webtoon/784248/thumbnail/thumbnail_IMAG21_20a8aca7-23d3-4bc0-9916-a31ebc884ca8.jpg,https://comic.naver.com/webtoon/list?titleId=784248,4,-1.7489724159240723,-3.019681930541992,4.0
91,마루는 강쥐,https://image-comic.pstatic.net/webtoon/796152/thumbnail/thumbnail_IMAG21_26b9c1d8-ca2d-4fc7-87ea-a3334634236a.jpg,https://comic.naver.com/webtoon/list?titleId=796152,3,5.954034328460693,-0.3595058023929596,3.0
92,대학원 탈출일지,https://image-comic.pstatic.net/webtoon/790713/thumbnail/thumbnail_IMAG21_3919364435331003700.jpg,https://comic.naver.com/webtoon/list?titleId=790713,3,8.34468936920166,2.580310821533203,3.0
93,신과함께 돌아온 기사왕님,https://image-comic.pstatic.net/webtoon/809618/thumbnail/thumbnail_IMAG21_118a7124-11b6-4eed-b04a-20ee139256c1.jpg,https://comic.naver.com/webtoon/list?titleId=809618,0,-5.670272350311279,-1.7533228397369385,0.0
94,사신소년,https://image-comic.pstatic.net/webtoon/730656/thumbnail/thumbnail_IMAG21_fc6d8dbf-eed2-43d0-af45-2edb3cc4244e.jpg,https://comic.naver.com/webtoon/list?titleId=730656,0,-7.555402755737305,-2.0315937995910645,0.0
95,한림체육관,https://image-comic.pstatic.net/webtoon/743139/thumbnail/thumbnail_IMAG21_6012f944-ea1f-4328-ba22-bca09be494ee.jpg,https://comic.naver.com/webtoon/list?titleId=743139,0,-5.278359413146973,-4.000569820404053,0.0
96,멸망 이후의 세계,https://image-comic.pstatic.net/webtoon/789979/thumbnail/thumbnail_IMAG21_3918466168707821881.jpg,https://comic.naver.com/webtoon/list?titleId=789979,2,-3.630873918533325,2.708104372024536,2.0
97,이번 생도 잘 부탁해 - 기억의 한 조각,https://image-comic.pstatic.net/webtoon/809590/thumbnail/thumbnail_IMAG21_4baeeccb-9e08-4678-9626-1b2041dea5f8.jpg,https://comic.naver.com/webtoon/list?titleId=809590,1,2.0718655586242676,0.7678406834602356,1.0
98,하루만 네가 되고 싶어,https://image-comic.pstatic.net/webtoon/738487/thumbnail/thumbnail_IMAG21_66eac5ec-876b-469e-ab05-81261fddde8d.jpg,https://comic.naver.com/webtoon/list?titleId=738487,2,-4.385004043579102,3.2364141941070557,2.0
99,사변괴담,https://image-comic.pstatic.net/webtoon/804783/thumbnail/thumbnail_IMAG21_a80f7760-3c93-4002-84d4-eece85593f84.jpg,https://comic.naver.com/webtoon/list?titleId=804783,2,-6.354471206665039,6.862181663513184,2.0
100,헬58,https://image-comic.pstatic.net/webtoon/719508/thumbnail/thumbnail_IMAG21_4049636999763944505.jpg,https://comic.naver.com/webtoon/list?titleId=719508,4,0.19561469554901123,-2.311732053756714,4.0
101,삼국지톡,https://image-comic.pstatic.net/webtoon/711422/thumbnail/thumbnail_IMAG21_fd8cb5db-01ab-4c7b-a2a9-920d4479d5f7.jpg,https://comic.naver.com/webtoon/list?titleId=711422,4,0.5822287797927856,-2.4294345378875732,4.0
102,하북팽가 막내아들,https://image-comic.pstatic.net/webtoon/783877/thumbnail/thumbnail_IMAG21_3904965231037146418.jpg,https://comic.naver.com/webtoon/list?titleId=783877,0,-5.402449607849121,0.5791526436805725,0.0
103,용사가 돌아왔다,https://image-comic.pstatic.net/webtoon/773459/thumbnail/thumbnail_IMAG21_eca1d3b4-0924-41c0-b233-ddbe431bf5b3.jpg,https://comic.naver.com/webtoon/list?titleId=773459,2,-4.434865474700928,3.7520980834960938,2.0
104,궤짝,https://image-comic.pstatic.net/webtoon/802389/thumbnail/thumbnail_IMAG21_2c396e53-5710-47b4-b9ae-0b9582454479.jpg,https://comic.naver.com/webtoon/list?titleId=802389,1,0.8048969507217407,6.026586055755615,1.0
105,악몽의 형상,https://image-comic.pstatic.net/webtoon/793283/thumbnail/thumbnail_IMAG21_4136055320174945841.jpg,https://comic.naver.com/webtoon/list?titleId=793283,4,1.453770637512207,-5.87120246887207,4.0
106,시한부인 줄 알았어요!,https://image-comic.pstatic.net/webtoon/801711/thumbnail/thumbnail_IMAG21_bf581fbe-7d3d-4ff6-bfd3-a973f3c65aa1.jpg,https://comic.naver.com/webtoon/list?titleId=801711,1,1.287877082824707,1.495766520500183,1.0
107,놓지마 정신줄 시즌3,https://image-comic.pstatic.net/webtoon/801589/thumbnail/thumbnail_IMAG21_1b439234-e17d-4fb8-9eef-5d2d4173234c.jpg,https://comic.naver.com/webtoon/list?titleId=801589,3,5.600458145141602,-0.7918026447296143,3.0
108,올가미,https://image-comic.pstatic.net/webtoon/732988/thumbnail/thumbnail_IMAG21_eda8ea4b-fdc8-411d-9f28-09e450cc06c5.jpg,https://comic.naver.com/webtoon/list?titleId=732988,3,4.218061447143555,0.5244417786598206,3.0
109,거짓말의 뉘앙스,https://image-comic.pstatic.net/webtoon/809261/thumbnail/thumbnail_IMAG21_b2d4a5c0-3026-4560-b3ee-add80e181536.jpg,https://comic.naver.com/webtoon/list?titleId=809261,0,-4.643955707550049,-3.922372341156006,0.0
110,초인의 게임,https://image-comic.pstatic.net/webtoon/795658/thumbnail/thumbnail_IMAG21_9771c54c-af6a-477c-9243-2b3bb784aae6.jpg,https://comic.naver.com/webtoon/list?titleId=795658,0,-6.1482954025268555,0.9132801294326782,0.0
111,호랑이 들어와요,https://image-comic.pstatic.net/webtoon/757904/thumbnail/thumbnail_IMAG21_f3e09476-b052-4599-b619-4b2aba154143.jpg,https://comic.naver.com/webtoon/list?titleId=757904,3,6.062647342681885,-3.815281629562378,3.0
112,저 그런 인재 아닙니다,https://image-comic.pstatic.net/webtoon/802840/thumbnail/thumbnail_IMAG21_1ae41652-be65-4c1d-be08-8df716aaa41c.jpg,https://comic.naver.com/webtoon/list?titleId=802840,2,-6.224897384643555,4.2077202796936035,2.0
113,대리게임,https://image-comic.pstatic.net/webtoon/809263/thumbnail/thumbnail_IMAG21_10493e4c-e4b5-4aac-b1ed-4acd07879e54.jpg,https://comic.naver.com/webtoon/list?titleId=809263,1,1.0276248455047607,4.986546039581299,1.0
114,원주민 공포만화,https://image-comic.pstatic.net/webtoon/698918/thumbnail/thumbnail_IMAG21_3689346629442483042.jpg,https://comic.naver.com/webtoon/list?titleId=698918,0,-9.293673515319824,2.106269598007202,0.0
115,위아더좀비,https://image-comic.pstatic.net/webtoon/766648/thumbnail/thumbnail_IMAG21_3977861984512325425.jpg,https://comic.naver.com/webtoon/list?titleId=766648,3,4.141057014465332,-1.5155895948410034,3.0
116,랜덤채팅의 그녀!,https://image-comic.pstatic.net/webtoon/702608/thumbnail/thumbnail_IMAG21_7005692479348499809.jpg,https://comic.naver.com/webtoon/list?titleId=702608,1,1.619947910308838,6.279923915863037,1.0
117,유사연애,https://image-comic.pstatic.net/webtoon/804653/thumbnail/thumbnail_IMAG21_245d93e8-07c6-4229-9e51-bb813a307610.jpg,https://comic.naver.com/webtoon/list?titleId=804653,3,2.2539196014404297,-1.9710030555725098,3.0
118,로잘린 보가트,https://image-comic.pstatic.net/webtoon/797582/thumbnail/thumbnail_IMAG21_c1588ed1-f012-4592-ae45-ff9b177fe9f9.jpg,https://comic.naver.com/webtoon/list?titleId=797582,2,-1.5736653804779053,3.058304786682129,2.0
119,덴큐,https://image-comic.pstatic.net/webtoon/778963/thumbnail/thumbnail_IMAG21_3918805901429191730.jpg,https://comic.naver.com/webtoon/list?titleId=778963,4,-1.8892717361450195,-2.4481592178344727,4.0
120,나타나주세요!,https://image-comic.pstatic.net/webtoon/770068/thumbnail/thumbnail_IMAG21_b5e21984-464b-4529-91fa-3ecc4428e690.jpg,https://comic.naver.com/webtoon/list?titleId=770068,1,2.485461473464966,2.7676823139190674,1.0
121,반대로 끌리는 사이,https://image-comic.pstatic.net/webtoon/808454/thumbnail/thumbnail_IMAG21_5bd6216a-9baa-4859-bc6e-3f224badb74a.jpg,https://comic.naver.com/webtoon/list?titleId=808454,4,2.170128107070923,-5.694180488586426,4.0
122,윌유메리미,https://image-comic.pstatic.net/webtoon/616239/thumbnail/thumbnail_IMAG21_7c320dd0-7f6e-4645-b82b-e46752ed7375.jpg,https://comic.naver.com/webtoon/list?titleId=616239,3,6.0460591316223145,-0.6240544319152832,3.0
123,해골협객,https://image-comic.pstatic.net/webtoon/808388/thumbnail/thumbnail_IMAG21_cc163817-f875-4d54-9690-2dfe20a4c5a3.jpg,https://comic.naver.com/webtoon/list?titleId=808388,1,4.127072811126709,2.9027838706970215,1.0
124,용왕님의 셰프가 되었습니다,https://image-comic.pstatic.net/webtoon/741449/thumbnail/thumbnail_IMAG21_7cc5de94-a52d-473c-bdb7-f5c24188fac7.jpg,https://comic.naver.com/webtoon/list?titleId=741449,3,5.004418849945068,-0.010940244421362877,3.0
125,윗집 그 남자,https://image-comic.pstatic.net/webtoon/809579/thumbnail/thumbnail_IMAG21_bcd8b741-7bb0-45ef-aaa8-2dc26b80349e.jpg,https://comic.naver.com/webtoon/list?titleId=809579,1,1.5120439529418945,6.8820366859436035,1.0
126,헥토파스칼,https://image-comic.pstatic.net/webtoon/799250/thumbnail/thumbnail_IMAG21_cc84475a-58c8-4e66-a26b-2a08be6a1f24.jpg,https://comic.naver.com/webtoon/list?titleId=799250,4,-1.8783754110336304,-0.8613380193710327,4.0
127,연우의 순정,https://image-comic.pstatic.net/webtoon/752532/thumbnail/thumbnail_IMAG21_e0dbfa33-e13c-4adc-bf63-a5b26b4a2a3e.jpg,https://comic.naver.com/webtoon/list?titleId=752532,4,-1.8339672088623047,-1.880663275718689,4.0
128,은주의 방 2~3부,https://image-comic.pstatic.net/webtoon/654138/thumbnail/thumbnail_IMAG21_3559587746721839161.jpg,https://comic.naver.com/webtoon/list?titleId=654138,3,3.2333853244781494,-1.639590859413147,3.0
129,우리 집 고양이 보고 갈래?,https://image-comic.pstatic.net/webtoon/805743/thumbnail/thumbnail_IMAG21_7bb206cc-46b8-4745-9fce-4ce73bcd068e.jpg,https://comic.naver.com/webtoon/list?titleId=805743,4,1.5905932188034058,-2.4553823471069336,4.0
130,짝사랑의 마침표,https://image-comic.pstatic.net/webtoon/789682/thumbnail/thumbnail_IMAG21_764560de-de68-45ee-816f-fe376fbe4f60.jpg,https://comic.naver.com/webtoon/list?titleId=789682,3,2.0742268562316895,-2.0949180126190186,3.0
131,빅맨,https://image-comic.pstatic.net/webtoon/753839/thumbnail/thumbnail_IMAG21_3835153067459896165.jpg,https://comic.naver.com/webtoon/list?titleId=753839,4,-2.257962465286255,-6.65878963470459,4.0
132,사표내고 이계에서 힐링합니다,https://image-comic.pstatic.net/webtoon/800726/thumbnail/thumbnail_IMAG21_f8d6b47c-3af0-49ef-9aa7-3b6ea28e4aa8.jpg,https://comic.naver.com/webtoon/list?titleId=800726,1,0.48709431290626526,1.3934249877929688,1.0
133,왕게임,https://image-comic.pstatic.net/webtoon/798101/thumbnail/thumbnail_IMAG21_766e3761-228a-4c04-97b8-6f0ef13cf35b.jpg,https://comic.naver.com/webtoon/list?titleId=798101,0,-2.822183847427368,-0.6987029910087585,0.0
134,빌런투킬,https://image-comic.pstatic.net/webtoon/765156/thumbnail/thumbnail_IMAG21_09f17695-7f1a-43c1-9515-3debf026e2ed.jpg,https://comic.naver.com/webtoon/list?titleId=765156,0,-5.668337821960449,1.0491527318954468,0.0
135,에이머,https://image-comic.pstatic.net/webtoon/400739/thumbnail/thumbnail_IMAG21_b5046846-5af7-48a9-9b20-b0b07cf0c904.jpeg,https://comic.naver.com/webtoon/list?titleId=400739,3,3.601813316345215,-4.423116207122803,3.0
136,왕자님 짠내밥상,https://image-comic.pstatic.net/webtoon/810561/thumbnail/thumbnail_IMAG21_b93e29dc-335c-4c38-afa9-074c581273cc.jpg,https://comic.naver.com/webtoon/list?titleId=810561,3,4.5710225105285645,0.4190830588340759,3.0
137,그냥 선생님,https://image-comic.pstatic.net/webtoon/804333/thumbnail/thumbnail_IMAG21_b39d8b31-ca85-492f-8588-c766aa2b3c27.jpg,https://comic.naver.com/webtoon/list?titleId=804333,3,2.9307899475097656,-1.5725862979888916,3.0
138,애옹식당,https://image-comic.pstatic.net/webtoon/785703/thumbnail/thumbnail_IMAG21_020a4de1-984b-4343-8735-55970b9fda68.jpg,https://comic.naver.com/webtoon/list?titleId=785703,3,5.9110188484191895,-1.8144112825393677,3.0
139,웅크,https://image-comic.pstatic.net/webtoon/800506/thumbnail/thumbnail_IMAG21_21640049-34da-44e5-82d7-bbb7aca3a3f8.jpg,https://comic.naver.com/webtoon/list?titleId=800506,3,7.359328269958496,-0.47086015343666077,3.0
140,하우스키퍼,https://image-comic.pstatic.net/webtoon/723046/thumbnail/thumbnail_IMAG21_c9dc9f1e-6e34-4ae8-9ea3-e94dda2dbef5.jpg,https://comic.naver.com/webtoon/list?titleId=723046,0,-2.8019027709960938,-1.5860042572021484,0.0
141,짐승의 꽃,https://image-comic.pstatic.net/webtoon/805334/thumbnail/thumbnail_IMAG21_1a7f9687-e04f-4ac8-8f50-ac58275a2295.jpg,https://comic.naver.com/webtoon/list?titleId=805334,1,-0.8300806283950806,0.8895862102508545,1.0
142,렌탈히어로,https://image-comic.pstatic.net/webtoon/808804/thumbnail/thumbnail_IMAG21_2af53eb3-eb52-40e7-b1d9-7b4fccfba9af.jpg,https://comic.naver.com/webtoon/list?titleId=808804,0,-7.381537437438965,0.20814809203147888,0.0
143,우투리: THE LEGACY,https://image-comic.pstatic.net/webtoon/797819/thumbnail/thumbnail_IMAG21_2efb3bf2-b392-4c9d-8662-f0c493ddafe3.jpg,https://comic.naver.com/webtoon/list?titleId=797819,0,-6.321918964385986,-1.5517562627792358,0.0
144,아이즈,https://image-comic.pstatic.net/webtoon/767908/thumbnail/thumbnail_IMAG21_133544d1-6655-47ac-99ce-00da2f3cdc17.jpg,https://comic.naver.com/webtoon/list?titleId=767908,3,5.109801292419434,2.4024641513824463,3.0
145,로맨스가 가능해?,https://image-comic.pstatic.net/webtoon/803010/thumbnail/thumbnail_IMAG21_39c36855-22e9-43eb-b0af-65fe8204d568.jpg,https://comic.naver.com/webtoon/list?titleId=803010,1,1.5739576816558838,1.6149611473083496,1.0
146,사공은주,https://image-comic.pstatic.net/webtoon/794965/thumbnail/thumbnail_IMAG21_63390970-e54c-497e-8f6d-e5cbaf78d490.jpg,https://comic.naver.com/webtoon/list?titleId=794965,4,-3.3544349670410156,-5.77470064163208,4.0
147,제로게임,https://image-comic.pstatic.net/webtoon/676695/thumbnail/thumbnail_IMAG21_68b97d1b-2b65-4b2c-a5a0-6aa60d4602de.jpg,https://comic.naver.com/webtoon/list?titleId=676695,2,-3.4134321212768555,5.529209613800049,2.0
148,내남친 킹카만들기,https://image-comic.pstatic.net/webtoon/791126/thumbnail/thumbnail_IMAG21_b3c5cfcc-aba4-4ba6-b010-8c740c2cbc85.jpg,https://comic.naver.com/webtoon/list?titleId=791126,4,1.3155949115753174,-0.811870813369751,4.0
149,주인님을 잡아먹는 방법,https://image-comic.pstatic.net/webtoon/794105/thumbnail/thumbnail_IMAG21_bc1d4038-94fc-428c-8e78-e2cb9ab3643e.jpg,https://comic.naver.com/webtoon/list?titleId=794105,2,-2.646212577819824,4.394255638122559,2.0
150,랜덤타겟,https://image-comic.pstatic.net/webtoon/807582/thumbnail/thumbnail_IMAG21_1c7a2387-173f-4def-8764-f3060c169275.jpg,https://comic.naver.com/webtoon/list?titleId=807582,1,-0.36215534806251526,3.772017002105713,1.0
151,여우자매,https://image-comic.pstatic.net/webtoon/797413/thumbnail/thumbnail_IMAG21_f04539ee-5166-4337-bd33-10f41d2713fa.jpg,https://comic.naver.com/webtoon/list?titleId=797413,4,-1.548445701599121,-0.2242715209722519,4.0
152,한입만!,https://image-comic.pstatic.net/webtoon/789029/thumbnail/thumbnail_IMAG21_7365127438884483171.jpg,https://comic.naver.com/webtoon/list?titleId=789029,4,0.21340514719486237,-1.370713233947754,4.0
153,팀장님은 신혼이 피곤하다,https://image-comic.pstatic.net/webtoon/804868/thumbnail/thumbnail_IMAG21_ea78afa0-0987-46e8-901c-6f0aef44bc0c.jpg,https://comic.naver.com/webtoon/list?titleId=804868,4,1.9139384031295776,-2.96482253074646,4.0
154,햄버거가 제일 좋아,https://image-comic.pstatic.net/webtoon/801820/thumbnail/thumbnail_IMAG21_82855003-8d89-45b6-8a8b-55c4cbbd8ad2.jpg,https://comic.naver.com/webtoon/list?titleId=801820,4,0.6027058959007263,-0.18865931034088135,4.0
155,필리아로제 - 가시왕관의 예언,https://image-comic.pstatic.net/webtoon/773793/thumbnail/thumbnail_IMAG21_3688508805038170930.jpg,https://comic.naver.com/webtoon/list?titleId=773793,2,-4.80327844619751,4.1218132972717285,2.0
156,"이 결혼, 새로고침",https://image-comic.pstatic.net/webtoon/797259/thumbnail/thumbnail_IMAG21_4135202076969481273.jpg,https://comic.naver.com/webtoon/list?titleId=797259,2,-1.0463342666625977,4.154514312744141,2.0
157,원포인트,https://image-comic.pstatic.net/webtoon/807314/thumbnail/thumbnail_IMAG21_90acd316-6708-4896-90a4-c3b55b735dc5.jpg,https://comic.naver.com/webtoon/list?titleId=807314,4,1.3990672826766968,-5.002464294433594,4.0
158,동경과 거짓말,https://image-comic.pstatic.net/webtoon/809006/thumbnail/thumbnail_IMAG21_8d060889-e212-47cb-b4e7-0715c866f0d1.jpg,https://comic.naver.com/webtoon/list?titleId=809006,1,-0.026845987886190414,1.6429853439331055,1.0
159,은밀한 재택근무,https://image-comic.pstatic.net/webtoon/807858/thumbnail/thumbnail_IMAG21_6f8082ba-9afe-491f-98d6-8b7b7fafb991.jpg,https://comic.naver.com/webtoon/list?titleId=807858,1,-0.14957958459854126,2.810335397720337,1.0
160,돌격! 용마치킨,https://image-comic.pstatic.net/webtoon/805974/thumbnail/thumbnail_IMAG21_7794debf-da11-42fd-9126-13723f239794.jpg,https://comic.naver.com/webtoon/list?titleId=805974,2,-2.6856913566589355,2.5566799640655518,2.0
161,공작저의 붉은 밤,https://image-comic.pstatic.net/webtoon/805671/thumbnail/thumbnail_IMAG21_8be4a557-d691-48b1-8445-199e6c0c5dbd.jpg,https://comic.naver.com/webtoon/list?titleId=805671,1,-0.602601170539856,1.9234609603881836,1.0
162,원수가 나를 유혹할 때,https://image-comic.pstatic.net/webtoon/797943/thumbnail/thumbnail_IMAG21_6733cb7f-79aa-4ecd-8a22-ed34a17684d8.jpg,https://comic.naver.com/webtoon/list?titleId=797943,1,0.25575563311576843,3.9681808948516846,1.0
163,교환학생,https://image-comic.pstatic.net/webtoon/778228/thumbnail/thumbnail_IMAG21_4051047668904440884.jpg,https://comic.naver.com/webtoon/list?titleId=778228,4,0.41348397731781006,-4.40090799331665,4.0
164,DARK MOON: 회색 도시,https://image-comic.pstatic.net/webtoon/802872/thumbnail/thumbnail_IMAG21_c80f6d62-0971-4806-9aa5-9cc0d9e5599e.jpg,https://comic.naver.com/webtoon/list?titleId=802872,2,-0.9522141218185425,5.473968982696533,2.0
165,달이 사라진 밤,https://image-comic.pstatic.net/webtoon/795649/thumbnail/thumbnail_IMAG21_a005cff6-27ef-4478-a3fb-2acab6e1d39e.jpg,https://comic.naver.com/webtoon/list?titleId=795649,0,-7.050958633422852,2.7603302001953125,0.0
166,AI 유하,https://image-comic.pstatic.net/webtoon/800400/thumbnail/thumbnail_IMAG21_bb74c497-7fa9-48c2-9f4f-4438317ff0c8.jpg,https://comic.naver.com/webtoon/list?titleId=800400,4,-0.25506317615509033,-1.9952303171157837,4.0
167,"너의 순정, 나의 순정",https://image-comic.pstatic.net/webtoon/797258/thumbnail/thumbnail_IMAG21_7293970135255232568.jpg,https://comic.naver.com/webtoon/list?titleId=797258,3,1.5169285535812378,0.0773262083530426,3.0
168,마녀이야기,https://image-comic.pstatic.net/webtoon/794671/thumbnail/thumbnail_IMAG21_48d943f4-b3e7-4d33-9438-4d6babc67be5.jpg,https://comic.naver.com/webtoon/list?titleId=794671,0,-3.270185708999634,0.27379241585731506,0.0
169,전지적 독자 시점,https://image-comic.pstatic.net/webtoon/747269/thumbnail/thumbnail_IMAG21_aabd9952-ff45-47a2-a543-33f19a5c6708.jpg,https://comic.naver.com/webtoon/list?titleId=747269,2,-3.084620952606201,5.978954315185547,2.0
170,성스러운 작가생활,https://image-comic.pstatic.net/webtoon/807859/thumbnail/thumbnail_IMAG21_f76458b0-e807-480e-b44c-3437d9888a75.jpg,https://comic.naver.com/webtoon/list?titleId=807859,3,2.793952703475952,-1.3297007083892822,3.0
171,헬퍼 2 : 킬베로스,https://image-comic.pstatic.net/webtoon/670143/thumbnail/thumbnail_IMAG21_12d5d293-d54d-4022-8e00-c97c5779c701.jpg,https://comic.naver.com/webtoon/list?titleId=670143,3,5.5071563720703125,-2.5010762214660645,3.0
172,백XX,https://image-comic.pstatic.net/webtoon/804862/thumbnail/thumbnail_IMAG21_e2814dcb-83ae-477a-9149-d20fad5bdf92.jpg,https://comic.naver.com/webtoon/list?titleId=804862,1,2.108766555786133,5.168615341186523,1.0
173,캐슬2:만인지상,https://image-comic.pstatic.net/webtoon/807178/thumbnail/thumbnail_IMAG21_28fcfb22-aae7-41b4-8767-05f6dd176b03.jpg,https://comic.naver.com/webtoon/list?titleId=807178,4,-2.8236429691314697,-6.383261680603027,4.0
174,66666년 만에 환생한 흑마법사,https://image-comic.pstatic.net/webtoon/775141/thumbnail/thumbnail_IMAG21_11d97e88-9ccf-4e7a-a10d-dde42725e3fa.jpg,https://comic.naver.com/webtoon/list?titleId=775141,0,-6.169384956359863,0.8933058381080627,0.0
175,일렉시드,https://image-comic.pstatic.net/webtoon/717481/thumbnail/thumbnail_IMAG21_3545800975505057126.jpg,https://comic.naver.com/webtoon/list?titleId=717481,0,-5.292686462402344,-2.7870309352874756,0.0
176,황후를 훔친 이는 누구인가,https://image-comic.pstatic.net/webtoon/805737/thumbnail/thumbnail_IMAG21_c72b400d-fc29-4928-828f-56b3629ce352.jpg,https://comic.naver.com/webtoon/list?titleId=805737,2,-1.445358157157898,3.501765489578247,2.0
177,격기3반,https://image-comic.pstatic.net/webtoon/701535/thumbnail/thumbnail_IMAG21_2abe5b1a-9104-417f-9995-0db15c6db7be.jpg,https://comic.naver.com/webtoon/list?titleId=701535,2,-3.6942126750946045,2.379096746444702,2.0
178,미래의 골동품 가게,https://image-comic.pstatic.net/webtoon/742105/thumbnail/thumbnail_IMAG21_a3860cc1-f927-4031-92fd-8d89b9801127.jpg,https://comic.naver.com/webtoon/list?titleId=742105,0,-9.073851585388184,-0.28853490948677063,0.0
179,가짜 동맹,https://image-comic.pstatic.net/webtoon/788167/thumbnail/thumbnail_IMAG21_9d85dac5-3e9d-4734-9184-95d5c5c8fa5e.jpg,https://comic.naver.com/webtoon/list?titleId=788167,3,3.688426971435547,-2.559040069580078,3.0
180,튜토리얼 탑의 고인물,https://image-comic.pstatic.net/webtoon/738694/thumbnail/thumbnail_IMAG21_7366031057188643120.jpg,https://comic.naver.com/webtoon/list?titleId=738694,4,-2.9042370319366455,-2.398392915725708,4.0
181,운명을 보는 회사원,https://image-comic.pstatic.net/webtoon/797443/thumbnail/thumbnail_IMAG21_cea05bf8-ab6b-4f19-8cd9-dd8c31ed1677.jpg,https://comic.naver.com/webtoon/list?titleId=797443,2,-1.9769048690795898,4.727362632751465,2.0
182,나쁜사람,https://image-comic.pstatic.net/webtoon/750184/thumbnail/thumbnail_IMAG21_adfbd65f-18fa-4268-81db-ec88ae4aa8b1.jpg,https://comic.naver.com/webtoon/list?titleId=750184,4,3.208193778991699,-6.6705851554870605,4.0
183,내가 죽기로 결심한 것은,https://image-comic.pstatic.net/webtoon/783523/thumbnail/thumbnail_IMAG21_cc413d42-89ab-4c7d-a28c-0f698acb169b.jpg,https://comic.naver.com/webtoon/list?titleId=783523,1,1.7533048391342163,7.111359119415283,1.0
184,빌드업,https://image-comic.pstatic.net/webtoon/750826/thumbnail/thumbnail_IMAG21_8bf7d36d-d865-4df0-b76f-f72f288bb2cd.jpg,https://comic.naver.com/webtoon/list?titleId=750826,4,-0.9786040782928467,-0.712214469909668,4.0
185,칼에 취한 밤을 걷다,https://image-comic.pstatic.net/webtoon/795542/thumbnail/thumbnail_IMAG21_3703756833080816441.jpg,https://comic.naver.com/webtoon/list?titleId=795542,0,-4.511715888977051,1.350387454032898,0.0
186,왕따가 격투기를 너무 잘함,https://image-comic.pstatic.net/webtoon/806888/thumbnail/thumbnail_IMAG21_6db5b5ec-f275-4b5f-8e1d-d6acfa9c487a.jpeg,https://comic.naver.com/webtoon/list?titleId=806888,4,1.0827364921569824,-1.5985524654388428,4.0
187,중간에서 만나,https://image-comic.pstatic.net/webtoon/808455/thumbnail/thumbnail_IMAG21_c37c85f4-b9f1-4026-b79c-45d979f9743f.jpg,https://comic.naver.com/webtoon/list?titleId=808455,4,1.0355256795883179,-3.59330677986145,4.0
188,닥터앤닥터 병원일기,https://image-comic.pstatic.net/webtoon/807306/thumbnail/thumbnail_IMAG21_69a712a4-11e8-48bf-9b0c-a26f28c405d8.jpg,https://comic.naver.com/webtoon/list?titleId=807306,4,-2.931917428970337,-4.335886478424072,4.0
189,남사친의 법칙,https://image-comic.pstatic.net/webtoon/808738/thumbnail/thumbnail_IMAG21_5c0738e4-13bc-4e17-a06e-a2cef9b9f030.jpg,https://comic.naver.com/webtoon/list?titleId=808738,3,3.8232176303863525,-0.5475298166275024,3.0
190,악의 등교,https://image-comic.pstatic.net/webtoon/808272/thumbnail/thumbnail_IMAG21_92f35240-3cfd-49c6-a75e-b2715f8b2d98.jpg,https://comic.naver.com/webtoon/list?titleId=808272,1,2.9830594062805176,3.7095394134521484,1.0
191,베이비 폭군,https://image-comic.pstatic.net/webtoon/807019/thumbnail/thumbnail_IMAG21_35128d6b-4a62-48d2-a908-222d47bcfe4e.jpg,https://comic.naver.com/webtoon/list?titleId=807019,3,5.398934841156006,0.9814978241920471,3.0
192,사상최강,https://image-comic.pstatic.net/webtoon/748536/thumbnail/thumbnail_IMAG21_f5ccf206-ed7d-42ae-9452-c11cb188474b.jpg,https://comic.naver.com/webtoon/list?titleId=748536,2,-0.7677439451217651,5.900725841522217,2.0
193,쓰레기는 쓰레기통에!,https://image-comic.pstatic.net/webtoon/790404/thumbnail/thumbnail_IMAG21_3cf35b39-2500-4c2b-a331-a217ca03b055.jpg,https://comic.naver.com/webtoon/list?titleId=790404,1,-1.1134870052337646,1.2673043012619019,1.0
194,급식아빠,https://image-comic.pstatic.net/webtoon/758662/thumbnail/thumbnail_IMAG21_f061545e-a32b-473c-82fa-20a04a5e6ed1.jpg,https://comic.naver.com/webtoon/list?titleId=758662,2,-4.674914836883545,5.160769939422607,2.0
195,"안녕, 나의 수집",https://image-comic.pstatic.net/webtoon/799267/thumbnail/thumbnail_IMAG21_f522ff4f-4f7c-40bf-b9f2-f58d049d4a82.jpg,https://comic.naver.com/webtoon/list?titleId=799267,3,5.861615180969238,-0.7143315672874451,3.0
196,에브리띵 이즈 파인,https://image-comic.pstatic.net/webtoon/804145/thumbnail/thumbnail_IMAG21_4fef0e05-88f3-44a6-8851-1f1c474e0678.jpg,https://comic.naver.com/webtoon/list?titleId=804145,3,6.326882839202881,-1.398817539215088,3.0
197,마른 가지에 바람처럼,https://image-comic.pstatic.net/webtoon/748535/thumbnail/thumbnail_IMAG21_fbaf72e0-c829-44ad-b56c-5c60a9fd5705.jpg,https://comic.naver.com/webtoon/list?titleId=748535,2,-4.770841121673584,6.940406322479248,2.0
198,헤어지면 죽음,https://image-comic.pstatic.net/webtoon/783861/thumbnail/thumbnail_IMAG21_7571ae6b-a37c-4d12-8193-cb79c857cfaa.jpg,https://comic.naver.com/webtoon/list?titleId=783861,4,-0.15822654962539673,-2.1188347339630127,4.0
199,흔한 빙의물인 줄 알았다,https://image-comic.pstatic.net/webtoon/808018/thumbnail/thumbnail_IMAG21_731f2947-7401-4a11-8561-04e0beef8771.jpg,https://comic.naver.com/webtoon/list?titleId=808018,2,-1.5940971374511719,2.226806640625,2.0
200,판타지 여동생!,https://image-comic.pstatic.net/webtoon/730425/thumbnail/thumbnail_IMAG21_3835209134721021750.jpg,https://comic.naver.com/webtoon/list?titleId=730425,3,3.6459035873413086,-3.736342430114746,3.0
201,인과관계,https://image-comic.pstatic.net/webtoon/789652/thumbnail/thumbnail_IMAG21_9e92f54e-ec57-4cd3-9574-9a58455606bf.jpg,https://comic.naver.com/webtoon/list?titleId=789652,3,2.8014841079711914,-0.8337838649749756,3.0
202,언덕 위의 제임스,https://image-comic.pstatic.net/webtoon/671421/thumbnail/thumbnail_IMAG21_7643171d-08fb-40a8-9da1-813a3b7e784f.jpg,https://comic.naver.com/webtoon/list?titleId=671421,3,4.857369422912598,-3.9008235931396484,3.0
203,두꺼비집,https://image-comic.pstatic.net/webtoon/809870/thumbnail/thumbnail_IMAG21_29ffd031-ad01-4085-85c7-b7f08e9ef2b5.jpg,https://comic.naver.com/webtoon/list?titleId=809870,1,3.7235519886016846,3.7654824256896973,1.0
204,범상찮은 밤,https://image-comic.pstatic.net/webtoon/810682/thumbnail/thumbnail_IMAG21_09e253e0-1fdd-4758-9109-ecf605569ca6.jpg,https://comic.naver.com/webtoon/list?titleId=810682,3,3.9727048873901367,1.4440767765045166,3.0
205,칼부림,https://image-comic.pstatic.net/webtoon/602916/thumbnail/thumbnail_IMAG21_43cf1d1e-d265-464d-83db-f92dbc3fcf43.jpg,https://comic.naver.com/webtoon/list?titleId=602916,1,3.8967716693878174,6.246809959411621,1.0
206,하렘의 남자들,https://image-comic.pstatic.net/webtoon/760001/thumbnail/thumbnail_IMAG21_c62cf78d-b346-49cf-b847-3062fc51500b.jpg,https://comic.naver.com/webtoon/list?titleId=760001,2,-2.2954506874084473,2.628519058227539,2.0
207,말숙이를 부탁해,https://image-comic.pstatic.net/webtoon/807634/thumbnail/thumbnail_IMAG21_1da46b85-5eb9-440e-93a8-4d45d602eb9e.jpg,https://comic.naver.com/webtoon/list?titleId=807634,3,2.409630537033081,-2.1527059078216553,3.0
208,용한소녀,https://image-comic.pstatic.net/webtoon/803891/thumbnail/thumbnail_IMAG21_668eac64-9d55-4c3a-bc5f-8fe862f4c3e6.jpg,https://comic.naver.com/webtoon/list?titleId=803891,3,2.6189939975738525,-3.299865484237671,3.0
209,괴물공작의 딸,https://image-comic.pstatic.net/webtoon/765158/thumbnail/thumbnail_IMAG21_7378132256276230709.jpg,https://comic.naver.com/webtoon/list?titleId=765158,1,-0.688578724861145,2.7848429679870605,1.0
210,물고기로 살아남기,https://image-comic.pstatic.net/webtoon/793887/thumbnail/thumbnail_IMAG21_313436b8-ff98-4a9e-98dc-dc2e4839a65e.jpg,https://comic.naver.com/webtoon/list?titleId=793887,0,-5.272749900817871,-2.638902425765991,0.0
211,사내고충처리반,https://image-comic.pstatic.net/webtoon/801593/thumbnail/thumbnail_IMAG21_f551544b-d49b-44b3-8360-fb2594f889ee.jpg,https://comic.naver.com/webtoon/list?titleId=801593,4,-1.688267707824707,-4.325462341308594,4.0
212,수요웹툰의 나강림,https://image-comic.pstatic.net/webtoon/771718/thumbnail/thumbnail_IMAG21_8d86de3e-15d5-464e-b448-cbd73b1bd71c.jpg,https://comic.naver.com/webtoon/list?titleId=771718,4,-0.33270061016082764,-0.04331314563751221,4.0
213,행성인간2: 행성의,https://image-comic.pstatic.net/webtoon/802940/thumbnail/thumbnail_IMAG21_27ad5bf3-0455-4ac2-b3ae-dbc40c247407.jpg,https://comic.naver.com/webtoon/list?titleId=802940,0,-6.894733905792236,-2.2800426483154297,0.0
214,좀간,https://image-comic.pstatic.net/webtoon/796062/thumbnail/thumbnail_IMAG21_dc14b7fc-c61e-4fdf-9e6c-0108db4a26db.jpg,https://comic.naver.com/webtoon/list?titleId=796062,4,-0.9248678088188171,-1.7194477319717407,4.0
215,이십팔세기 광팬,https://image-comic.pstatic.net/webtoon/800312/thumbnail/thumbnail_IMAG21_90520e55-609b-4015-8260-974081bce964.jpg,https://comic.naver.com/webtoon/list?titleId=800312,3,5.432380199432373,-1.315223217010498,3.0
216,나를 낳아줘,https://image-comic.pstatic.net/webtoon/807308/thumbnail/thumbnail_IMAG21_bdecad71-95ad-4faf-b4e4-c131425da94f.jpg,https://comic.naver.com/webtoon/list?titleId=807308,4,-0.3975619077682495,-3.1871557235717773,4.0
217,킬링대디,https://image-comic.pstatic.net/webtoon/809597/thumbnail/thumbnail_IMAG21_223ee9a4-35f7-4c7d-b6a6-7374400787ac.jpg,https://comic.naver.com/webtoon/list?titleId=809597,4,-3.2734646797180176,-5.906620979309082,4.0
218,누가 나를 죽였을까,https://image-comic.pstatic.net/webtoon/805730/thumbnail/thumbnail_IMAG21_385b1660-0880-4713-873e-1a1cd45744a0.jpg,https://comic.naver.com/webtoon/list?titleId=805730,4,-3.3292393684387207,-5.495642185211182,4.0
219,겨울 정원의 하와르,https://image-comic.pstatic.net/webtoon/802835/thumbnail/thumbnail_IMAG21_4289191f-b053-4bad-a004-701a7d674869.jpg,https://comic.naver.com/webtoon/list?titleId=802835,3,4.633649826049805,1.3840683698654175,3.0
220,두 번 사는 프로듀서,https://image-comic.pstatic.net/webtoon/780253/thumbnail/thumbnail_IMAG21_c85d6008-87f8-46c8-82b7-2b744dd5723d.jpg,https://comic.naver.com/webtoon/list?titleId=780253,0,-3.9556264877319336,-2.3909897804260254,0.0
221,주부 육성중,https://image-comic.pstatic.net/webtoon/793388/thumbnail/thumbnail_IMAG21_3481ec05-76fa-4302-9947-7931c6fb8d09.jpg,https://comic.naver.com/webtoon/list?titleId=793388,3,3.5843608379364014,-2.2144412994384766,3.0
222,옆집남자 친구,https://image-comic.pstatic.net/webtoon/797115/thumbnail/thumbnail_IMAG21_f23ac6eb-318d-4b13-ace0-ddcf76563967.jpg,https://comic.naver.com/webtoon/list?titleId=797115,4,1.3730552196502686,-1.4475305080413818,4.0
223,메모리얼,https://image-comic.pstatic.net/webtoon/791140/thumbnail/thumbnail_IMAG21_28c779aa-48bf-47bc-8a52-fd0ede76a9c5.jpg,https://comic.naver.com/webtoon/list?titleId=791140,2,-2.9624650478363037,7.937558174133301,2.0
224,영웅&마왕&악당,https://image-comic.pstatic.net/webtoon/796466/thumbnail/thumbnail_IMAG21_2cf2568c-a1c6-4c4f-9a21-94b7c8136893.jpg,https://comic.naver.com/webtoon/list?titleId=796466,2,-3.3871943950653076,3.6989731788635254,2.0
225,줄리에게,https://image-comic.pstatic.net/webtoon/808508/thumbnail/thumbnail_IMAG21_84327107-e80b-4f50-8125-35ae8978e7ec.jpg,https://comic.naver.com/webtoon/list?titleId=808508,1,-0.5321171879768372,4.310697078704834,1.0
226,반귀,https://image-comic.pstatic.net/webtoon/760002/thumbnail/thumbnail_IMAG21_7017793712846615395.jpg,https://comic.naver.com/webtoon/list?titleId=760002,4,1.2645069360733032,-1.2033181190490723,4.0
227,로어 올림푸스,https://image-comic.pstatic.net/webtoon/750558/thumbnail/thumbnail_IMAG21_7148167415155931235.jpg,https://comic.naver.com/webtoon/list?titleId=750558,0,-7.292712211608887,0.8030725717544556,0.0
228,내겐 너무 소란한 결혼,https://image-comic.pstatic.net/webtoon/799467/thumbnail/thumbnail_IMAG21_12c13949-64c3-4502-890f-b837cb3cd6f4.jpg,https://comic.naver.com/webtoon/list?titleId=799467,1,2.836866617202759,1.5785791873931885,1.0
229,나랑 해요,https://image-comic.pstatic.net/webtoon/809558/thumbnail/thumbnail_IMAG21_094f39f0-92cf-434d-9578-10b896b79ffb.jpg,https://comic.naver.com/webtoon/list?titleId=809558,0,-8.256464004516602,1.9875508546829224,0.0
230,케찰코아틀 - 헤수스,https://image-comic.pstatic.net/webtoon/805745/thumbnail/thumbnail_IMAG21_1a14c05b-e37f-46cc-968d-36c95c693657.jpg,https://comic.naver.com/webtoon/list?titleId=805745,3,6.0938615798950195,2.4885237216949463,3.0
231,"이혼은 쉬운데, 연애는 어렵다",https://image-comic.pstatic.net/webtoon/808201/thumbnail/thumbnail_IMAG21_1e67d319-2297-43cd-9888-b1e3c61d6be8.jpg,https://comic.naver.com/webtoon/list?titleId=808201,4,0.5534422993659973,-0.7212099432945251,4.0
232,홀리데이,https://image-comic.pstatic.net/webtoon/797105/thumbnail/thumbnail_IMAG21_adfead7c-d54b-4769-8c7f-8d179a38562d.jpg,https://comic.naver.com/webtoon/list?titleId=797105,4,-0.6869200468063354,-0.5078017711639404,4.0
233,미시령,https://image-comic.pstatic.net/webtoon/697533/thumbnail/thumbnail_IMAG21_e9f62ca7-39be-4dd4-bfa7-4709a70aca32.jpg,https://comic.naver.com/webtoon/list?titleId=697533,2,-2.3104429244995117,1.4618276357650757,2.0
234,선배는 나빠요!,https://image-comic.pstatic.net/webtoon/795330/thumbnail/thumbnail_IMAG21_76dc830f-e64f-4095-a3f6-712ea83bcc7d.jpg,https://comic.naver.com/webtoon/list?titleId=795330,4,-0.4227713644504547,-0.14983850717544556,4.0
235,솔그린,https://image-comic.pstatic.net/webtoon/809619/thumbnail/thumbnail_IMAG21_3622cd61-4695-40e7-b2e1-be2fca76fb3e.jpg,https://comic.naver.com/webtoon/list?titleId=809619,0,-2.784099578857422,-1.6055794954299927,0.0
236,그 남자의 은밀한 하루,https://image-comic.pstatic.net/webtoon/800504/thumbnail/thumbnail_IMAG21_de7f2718-2ed9-4688-890d-fc73b9179c1d.jpg,https://comic.naver.com/webtoon/list?titleId=800504,2,-3.6087753772735596,4.65297269821167,2.0
237,어느 백작 영애의 이중생활,https://image-comic.pstatic.net/webtoon/799016/thumbnail/thumbnail_IMAG21_719cf041-6408-4429-85dc-4b2cd2cb930d.jpg,https://comic.naver.com/webtoon/list?titleId=799016,1,0.04112770035862923,0.8291996121406555,1.0
238,안미운 우리들,https://image-comic.pstatic.net/webtoon/783532/thumbnail/thumbnail_IMAG21_cb76dabc-daf9-4afc-955a-067d964435d6.jpg,https://comic.naver.com/webtoon/list?titleId=783532,4,-0.786540687084198,-2.4794139862060547,4.0
239,하얀 사자의 비밀 신부,https://image-comic.pstatic.net/webtoon/800390/thumbnail/thumbnail_IMAG21_323eb281-f0b7-4321-8df6-74c9b6b16f61.jpg,https://comic.naver.com/webtoon/list?titleId=800390,2,-1.2581692934036255,2.6336634159088135,2.0
240,굿헌팅,https://image-comic.pstatic.net/webtoon/804989/thumbnail/thumbnail_IMAG21_b14ade30-c3c3-49ec-9700-db2c49d7794b.jpg,https://comic.naver.com/webtoon/list?titleId=804989,0,-5.376387119293213,-2.7760422229766846,0.0
241,히어로 더 맥시멈,https://image-comic.pstatic.net/webtoon/805323/thumbnail/thumbnail_IMAG21_e6ccdaa1-14f8-4023-a864-1ef978eda629.jpg,https://comic.naver.com/webtoon/list?titleId=805323,2,-5.1615777015686035,2.6692564487457275,2.0
242,수플레 팬 케이크,https://image-comic.pstatic.net/webtoon/806505/thumbnail/thumbnail_IMAG21_bb0e3058-ae71-4e6a-a74d-9dac77febfd1.jpg,https://comic.naver.com/webtoon/list?titleId=806505,3,5.9323039054870605,-3.5176594257354736,3.0
243,우리의 연애일지,https://image-comic.pstatic.net/webtoon/807745/thumbnail/thumbnail_IMAG21_48748c1b-e177-48ef-b684-3c9e29a69b7c.jpg,https://comic.naver.com/webtoon/list?titleId=807745,3,2.7830331325531006,-3.6490278244018555,3.0
244,이런 미친 엔딩,https://image-comic.pstatic.net/webtoon/802913/thumbnail/thumbnail_IMAG21_1c4725c3-d63a-473a-a5fb-cb707836ada4.jpg,https://comic.naver.com/webtoon/list?titleId=802913,4,-0.25866976380348206,-1.7566105127334595,4.0
245,연애고수,https://image-comic.pstatic.net/webtoon/801809/thumbnail/thumbnail_IMAG21_6764cc3d-eca6-4875-9e34-7c3b50c78bf3.jpg,https://comic.naver.com/webtoon/list?titleId=801809,1,-0.4619153141975403,2.88484525680542,1.0
246,넷시의 비밀,https://image-comic.pstatic.net/webtoon/804871/thumbnail/thumbnail_IMAG21_9ac1b8cc-dadb-41ef-9312-85aa9de4cfd6.jpg,https://comic.naver.com/webtoon/list?titleId=804871,1,2.404458999633789,1.035038709640503,1.0
247,무직백수 계백순,https://image-comic.pstatic.net/webtoon/811721/thumbnail/thumbnail_IMAG21_9a2a959a-666b-4156-8e4f-db64dfe319c6.jpg,https://comic.naver.com/webtoon/list?titleId=811721,0,-1.5359872579574585,0.6081385612487793,0.0
248,나의 계절,https://image-comic.pstatic.net/webtoon/774039/thumbnail/thumbnail_IMAG21_41edecf6-cb3e-4b99-8dd4-d6b10aa0af8d.jpg,https://comic.naver.com/webtoon/list?titleId=774039,1,1.4743021726608276,4.237269401550293,1.0
249,낙원의 이론,https://image-comic.pstatic.net/webtoon/791632/thumbnail/thumbnail_IMAG21_0e5ee34e-898a-4106-8652-35525f24afa9.jpg,https://comic.naver.com/webtoon/list?titleId=791632,0,-6.505704879760742,-0.2146814912557602,0.0
250,두 마리를 위한 뜰,https://image-comic.pstatic.net/webtoon/806304/thumbnail/thumbnail_IMAG21_d92b5558-0975-4573-8db5-225a2f4cb919.jpg,https://comic.naver.com/webtoon/list?titleId=806304,4,-1.721895456314087,-0.10969564318656921,4.0
251,필생기,https://image-comic.pstatic.net/webtoon/783595/thumbnail/thumbnail_IMAG21_3847254065607488822.jpg,https://comic.naver.com/webtoon/list?titleId=783595,3,2.135345458984375,0.22686409950256348,3.0
252,이 짝사랑은 억울하다!,https://image-comic.pstatic.net/webtoon/795537/thumbnail/thumbnail_IMAG21_3991990516407743330.jpg,https://comic.naver.com/webtoon/list?titleId=795537,4,0.47342225909233093,-1.636531949043274,4.0
253,아이돌의 비밀 스터디,https://image-comic.pstatic.net/webtoon/792120/thumbnail/thumbnail_IMAG21_a9d3ae51-ae12-496a-a059-e124410f4108.jpg,https://comic.naver.com/webtoon/list?titleId=792120,4,1.7316938638687134,-3.711927890777588,4.0
254,산의 시간,https://image-comic.pstatic.net/webtoon/792372/thumbnail/thumbnail_IMAG21_73240292-aa0a-4bd0-a87f-7e17993c4011.jpg,https://comic.naver.com/webtoon/list?titleId=792372,3,2.8374693393707275,-0.5382345914840698,3.0
255,결혼 시뮬레이션,https://image-comic.pstatic.net/webtoon/811716/thumbnail/thumbnail_IMAG21_c7472092-354b-4560-af07-f3ce2e975f72.jpg,https://comic.naver.com/webtoon/list?titleId=811716,4,-0.6925681829452515,-3.8910138607025146,4.0
256,앞집나리,https://image-comic.pstatic.net/webtoon/802293/thumbnail/thumbnail_IMAG21_a3e4736d-dfd6-4e76-aec6-b145f4123845.jpg,https://comic.naver.com/webtoon/list?titleId=802293,1,2.942235231399536,2.140270948410034,1.0
257,나노마신,https://image-comic.pstatic.net/webtoon/747271/thumbnail/thumbnail_IMAG21_75c6a3cc-c4d1-4b51-a945-029aff772a63.jpg,https://comic.naver.com/webtoon/list?titleId=747271,2,-4.784623622894287,2.1660187244415283,2.0
258,촉법소년,https://image-comic.pstatic.net/webtoon/808198/thumbnail/thumbnail_IMAG21_2aabb538-5b1a-4d74-81ed-b41bb8a155ff.jpg,https://comic.naver.com/webtoon/list?titleId=808198,4,-1.1366066932678223,-6.447756767272949,4.0
259,재벌집 막내아들,https://image-comic.pstatic.net/webtoon/800770/thumbnail/thumbnail_IMAG21_d2e1e7ee-fc83-4030-a1e7-200378bc088f.jpg,https://comic.naver.com/webtoon/list?titleId=800770,1,0.35706886649131775,3.9818239212036133,1.0
260,남편을 죽여줘요,https://image-comic.pstatic.net/webtoon/797410/thumbnail/thumbnail_IMAG21_9852442e-217e-4ec7-92a7-21c0ada85dc7.jpg,https://comic.naver.com/webtoon/list?titleId=797410,2,-2.1573569774627686,2.4511444568634033,2.0
261,현실퀘스트,https://image-comic.pstatic.net/webtoon/783888/thumbnail/thumbnail_IMAG21_316daca9-cf4f-42f8-9802-da356dd584f1.jpg,https://comic.naver.com/webtoon/list?titleId=783888,4,-1.3950711488723755,-7.279763221740723,4.0
262,무사만리행,https://image-comic.pstatic.net/webtoon/746857/thumbnail/thumbnail_IMAG21_fb7d7fcd-19f1-49eb-9cc8-aae9622cdd04.jpg,https://comic.naver.com/webtoon/list?titleId=746857,0,-2.6927127838134766,0.07424183189868927,0.0
263,네이처맨,https://image-comic.pstatic.net/webtoon/809054/thumbnail/thumbnail_IMAG21_99e2bc60-6038-44e7-8689-44cf20fbc6f5.jpg,https://comic.naver.com/webtoon/list?titleId=809054,3,4.287810802459717,-3.512815475463867,3.0
264,나 혼자 네크로맨서,https://image-comic.pstatic.net/webtoon/780170/thumbnail/thumbnail_IMAG21_c8b82359-da45-480c-95fd-aa9ae794d6be.jpg,https://comic.naver.com/webtoon/list?titleId=780170,4,-0.48622193932533264,-3.515751600265503,4.0
265,뮤즈 온 유명,https://image-comic.pstatic.net/webtoon/801505/thumbnail/thumbnail_IMAG21_893e0926-523f-4bc1-b7a6-e30af1ec3c6e.jpg,https://comic.naver.com/webtoon/list?titleId=801505,4,1.1177831888198853,-3.130911350250244,4.0
266,별을 삼킨 너에게,https://image-comic.pstatic.net/webtoon/748831/thumbnail/thumbnail_IMAG21_b08f61b4-c656-4e16-8d07-c3ea3a64c77c.jpg,https://comic.naver.com/webtoon/list?titleId=748831,1,-0.16601838171482086,4.758651256561279,1.0
267,서울밤피어,https://image-comic.pstatic.net/webtoon/807537/thumbnail/thumbnail_IMAG21_327d2143-755b-44a5-acd0-82e8c0c11b62.jpg,https://comic.naver.com/webtoon/list?titleId=807537,4,-0.9245791435241699,-6.051514148712158,4.0
268,게임 속 바바리안으로 살아남기,https://image-comic.pstatic.net/webtoon/808482/thumbnail/thumbnail_IMAG21_98ceae33-5246-4ec6-b06f-35a6e6c82397.jpg,https://comic.naver.com/webtoon/list?titleId=808482,2,-7.158556938171387,4.826566219329834,2.0
269,호랑신랑뎐,https://image-comic.pstatic.net/webtoon/795643/thumbnail/thumbnail_IMAG21_bf51fa0f-e374-49f8-973d-c17c5385bbef.jpg,https://comic.naver.com/webtoon/list?titleId=795643,3,5.758307933807373,-5.8436174392700195,3.0
270,보스였음,https://image-comic.pstatic.net/webtoon/802833/thumbnail/thumbnail_IMAG21_99b5f54a-dfbe-4ed6-90b5-44a966d2a00f.jpg,https://comic.naver.com/webtoon/list?titleId=802833,0,-4.561446666717529,-2.481534481048584,0.0
271,버려진 나의 최애를 위하여,https://image-comic.pstatic.net/webtoon/794155/thumbnail/thumbnail_IMAG21_ff82104f-a8ce-4bf7-9126-a0caf2e1bb1d.jpeg,https://comic.naver.com/webtoon/list?titleId=794155,2,-1.7011069059371948,2.654634714126587,2.0
272,순정빌런,https://image-comic.pstatic.net/webtoon/797731/thumbnail/thumbnail_IMAG21_3d2b5b5a-ffbb-4049-8f85-8caebfcf4243.jpg,https://comic.naver.com/webtoon/list?titleId=797731,4,-2.8279738426208496,-3.2061777114868164,4.0
273,규격 외 혈통 천재,https://image-comic.pstatic.net/webtoon/798331/thumbnail/thumbnail_IMAG21_846e6d29-da15-40cb-9d4f-1c7f5b1a6faa.jpg,https://comic.naver.com/webtoon/list?titleId=798331,0,-6.7500457763671875,1.578798532485962,0.0
274,마법사랑해,https://image-comic.pstatic.net/webtoon/776655/thumbnail/thumbnail_IMAG21_743eef6e-731e-4f27-8b73-d19dc0944d71.jpg,https://comic.naver.com/webtoon/list?titleId=776655,1,2.8317694664001465,6.917624473571777,1.0
275,가족같은 XX,https://image-comic.pstatic.net/webtoon/790239/thumbnail/thumbnail_IMAG21_75cb9f71-9af3-48ca-a143-cd59540328b1.jpg,https://comic.naver.com/webtoon/list?titleId=790239,1,1.6908024549484253,2.534907341003418,1.0
276,쿠베라,https://image-comic.pstatic.net/webtoon/131385/thumbnail/thumbnail_IMAG21_1d44dd99-4fef-48b5-81f0-083e83b6c048.jpg,https://comic.naver.com/webtoon/list?titleId=131385,4,-4.3597235679626465,-5.558130741119385,4.0
277,특수청소,https://image-comic.pstatic.net/webtoon/788976/thumbnail/thumbnail_IMAG21_c91160f6-aa01-43d8-a6a9-6347e50d1eaf.jpg,https://comic.naver.com/webtoon/list?titleId=788976,4,2.6231472492218018,-4.791082382202148,4.0
278,순수한 동거생활,https://image-comic.pstatic.net/webtoon/797937/thumbnail/thumbnail_IMAG21_2614c677-2b48-4d30-af5c-170964180b51.jpg,https://comic.naver.com/webtoon/list?titleId=797937,2,-1.3552749156951904,5.974175930023193,2.0
279,시한부 천재 암흑기사,https://image-comic.pstatic.net/webtoon/809625/thumbnail/thumbnail_IMAG21_15dd153c-6e74-4628-9429-ab469095cdae.jpg,https://comic.naver.com/webtoon/list?titleId=809625,0,-5.065295696258545,1.4320499897003174,0.0
280,천마육성,https://image-comic.pstatic.net/webtoon/776255/thumbnail/thumbnail_IMAG21_4121980471072928565.jpg,https://comic.naver.com/webtoon/list?titleId=776255,0,-4.350311756134033,-0.888892650604248,0.0
281,최강전설 강해효,https://image-comic.pstatic.net/webtoon/570506/thumbnail/thumbnail_IMAG21_3630857206429464627.jpg,https://comic.naver.com/webtoon/list?titleId=570506,4,0.9793857336044312,-6.591467380523682,4.0
282,흑막 여주가 날 새엄마로 만들려고 해,https://image-comic.pstatic.net/webtoon/770523/thumbnail/thumbnail_IMAG21_b0c43bf3-14b8-4b43-970f-ced56b793582.jpg,https://comic.naver.com/webtoon/list?titleId=770523,3,5.924002170562744,-3.1508407592773438,3.0
283,국세청 망나니,https://image-comic.pstatic.net/webtoon/785727/thumbnail/thumbnail_IMAG21_4e91ad84-dffc-4475-af5e-a6130136edfb.jpg,https://comic.naver.com/webtoon/list?titleId=785727,0,-5.076465129852295,-0.29399973154067993,0.0
284,꽃만 키우는데 너무강함,https://image-comic.pstatic.net/webtoon/741825/thumbnail/thumbnail_IMAG21_c830f1df-cd0e-4b7f-aa4e-84d59c88a892.jpg,https://comic.naver.com/webtoon/list?titleId=741825,2,-1.6939446926116943,4.139834403991699,2.0
285,비서 일탈,https://image-comic.pstatic.net/webtoon/801515/thumbnail/thumbnail_IMAG21_2e85c821-0398-4b06-9c61-66f729974082.jpg,https://comic.naver.com/webtoon/list?titleId=801515,1,-0.12208976596593857,5.640129089355469,1.0
286,회귀한 천재 헌터의 슬기로운 청소생활,https://image-comic.pstatic.net/webtoon/796827/thumbnail/thumbnail_IMAG21_3990814210026202423.jpg,https://comic.naver.com/webtoon/list?titleId=796827,2,-2.7852728366851807,4.424805641174316,2.0
287,루루라라 우리네 인생,https://image-comic.pstatic.net/webtoon/802039/thumbnail/thumbnail_IMAG21_a7a82a34-586c-4acf-b6f2-ab052be786f1.jpg,https://comic.naver.com/webtoon/list?titleId=802039,3,5.8082804679870605,-0.37203893065452576,3.0
288,던전 씹어먹는 아티팩트,https://image-comic.pstatic.net/webtoon/758439/thumbnail/thumbnail_IMAG21_9bccc3c8-13bd-47c4-b711-1865c3479037.jpg,https://comic.naver.com/webtoon/list?titleId=758439,4,-1.4879344701766968,-0.5753628611564636,4.0
289,게임 최강 트롤러,https://image-comic.pstatic.net/webtoon/801698/thumbnail/thumbnail_IMAG21_52e81ef5-fb49-4f99-801c-0e13c5691c67.,https://comic.naver.com/webtoon/list?titleId=801698,2,-7.182700157165527,3.708322763442993,2.0
290,네가 죽기를 바랄 때가 있었다,https://image-comic.pstatic.net/webtoon/776542/thumbnail/thumbnail_IMAG21_ca2e314b-448b-4383-980a-b6c50b1c6ca4.jpg,https://comic.naver.com/webtoon/list?titleId=776542,1,0.14073336124420166,1.9577468633651733,1.0
291,썩은 핑크의 법칙,https://image-comic.pstatic.net/webtoon/808286/thumbnail/thumbnail_IMAG21_88006dbe-f2eb-4d28-bc1b-b609c1edb318.jpg,https://comic.naver.com/webtoon/list?titleId=808286,4,1.3402595520019531,-2.758431911468506,4.0
292,완벽한 결혼의 정석,https://image-comic.pstatic.net/webtoon/775631/thumbnail/thumbnail_IMAG21_4063147592470967090.jpg,https://comic.naver.com/webtoon/list?titleId=775631,1,1.222903847694397,2.123195171356201,1.0
293,아인슈페너,https://image-comic.pstatic.net/webtoon/792280/thumbnail/thumbnail_IMAG21_ef08524c-1c6d-4941-a532-44cb05261730.jpg,https://comic.naver.com/webtoon/list?titleId=792280,1,2.2820980548858643,1.6532548666000366,1.0
294,마왕까지 한 걸음,https://image-comic.pstatic.net/webtoon/776668/thumbnail/thumbnail_IMAG21_82e1a5b6-754c-425b-af4b-e89382f35997.jpg,https://comic.naver.com/webtoon/list?titleId=776668,4,-0.4110308885574341,-0.5472113490104675,4.0
295,이상한 변호사 우영우,https://image-comic.pstatic.net/webtoon/798173/thumbnail/thumbnail_IMAG21_384e425c-307a-4754-b3f7-bb660117c0f3.jpg,https://comic.naver.com/webtoon/list?titleId=798173,1,3.043325662612915,1.9844239950180054,1.0
296,베니루 BAENIRU,https://image-comic.pstatic.net/webtoon/796302/thumbnail/thumbnail_IMAG21_8861c149-1927-400e-a343-b5a76be7efdf.jpg,https://comic.naver.com/webtoon/list?titleId=796302,3,4.37410306930542,-3.1581902503967285,3.0
297,그 악룡은 무엇을 위해 사는가,https://image-comic.pstatic.net/webtoon/808910/thumbnail/thumbnail_IMAG21_7ff45d3f-5da2-49c4-b91a-ad1396ed6793.jpg,https://comic.naver.com/webtoon/list?titleId=808910,1,-0.4080911874771118,2.056030511856079,1.0
298,만능잡캐,https://image-comic.pstatic.net/webtoon/783117/thumbnail/thumbnail_IMAG21_7364620379494637924.jpg,https://comic.naver.com/webtoon/list?titleId=783117,2,-7.205955982208252,3.46313214302063,2.0
299,당신의 그림자를 그만두었을 때,https://image-comic.pstatic.net/webtoon/807406/thumbnail/thumbnail_IMAG21_6fbae7f4-b275-4c27-8ae0-23549dc8a84e.jpg,https://comic.naver.com/webtoon/list?titleId=807406,2,-1.8159812688827515,4.06248664855957,2.0
300,불쌍해야 하는 남자,https://image-comic.pstatic.net/webtoon/807356/thumbnail/thumbnail_IMAG21_7c35811d-1498-4d50-a38c-0b494502018c.jpg,https://comic.naver.com/webtoon/list?titleId=807356,4,-0.03471357002854347,-5.101687431335449,4.0
301,누나! 나 무서워,https://image-comic.pstatic.net/webtoon/797468/thumbnail/thumbnail_IMAG21_31b5356a-65c6-4ae3-a8af-92b1c959357f.jpg,https://comic.naver.com/webtoon/list?titleId=797468,2,-5.518253803253174,4.214681148529053,2.0
302,위대한 겸상,https://image-comic.pstatic.net/webtoon/796242/thumbnail/thumbnail_IMAG21_3558519051501779250.jpg,https://comic.naver.com/webtoon/list?titleId=796242,4,-0.90352863073349,-4.960844039916992,4.0
303,방과후 레시피,https://image-comic.pstatic.net/webtoon/793130/thumbnail/thumbnail_IMAG21_1913856c-b494-4348-b3f0-b85393e4c3ed.jpg,https://comic.naver.com/webtoon/list?titleId=793130,3,5.713926792144775,1.2885547876358032,3.0
304,킬더킹,https://image-comic.pstatic.net/webtoon/670145/thumbnail/thumbnail_IMAG21_3905854744587100517.jpg,https://comic.naver.com/webtoon/list?titleId=670145,3,5.11614465713501,-0.8706751465797424,3.0
305,수영만화일기,https://image-comic.pstatic.net/webtoon/768534/thumbnail/thumbnail_IMAG21_25248bb7-e4d2-41ea-b011-9553c343330b.jpg,https://comic.naver.com/webtoon/list?titleId=768534,3,5.741598606109619,-1.4062658548355103,3.0
306,코인 리벤지,https://image-comic.pstatic.net/webtoon/801998/thumbnail/thumbnail_IMAG21_6607e2c4-b8bd-4145-94f6-ed96d1ec27a2.jpg,https://comic.naver.com/webtoon/list?titleId=801998,1,1.5003952980041504,5.182403564453125,1.0
307,해시의 신루,https://image-comic.pstatic.net/webtoon/783536/thumbnail/thumbnail_IMAG21_9e7bb6e6-7ee1-4374-9f9d-4407fe10f4ff.jpg,https://comic.naver.com/webtoon/list?titleId=783536,1,0.6866691708564758,3.0422799587249756,1.0
308,"이러면 안 돼요, 전하!",https://image-comic.pstatic.net/webtoon/805368/thumbnail/thumbnail_IMAG21_96351617-cd09-4eda-abdd-877a3ec12bcb.jpg,https://comic.naver.com/webtoon/list?titleId=805368,1,-1.1382803916931152,2.823749542236328,1.0
309,올빼미와 여름 하늘,https://image-comic.pstatic.net/webtoon/810450/thumbnail/thumbnail_IMAG21_27b55b12-7611-4560-b8c7-8a244428e88c.jpg,https://comic.naver.com/webtoon/list?titleId=810450,3,2.2573399543762207,-1.7341817617416382,3.0
310,이게 웬 떡,https://image-comic.pstatic.net/webtoon/804051/thumbnail/thumbnail_IMAG21_8fc68f9b-dfde-4ca2-a904-ae7517a9e0a6.jpg,https://comic.naver.com/webtoon/list?titleId=804051,4,1.6798986196517944,-4.368710517883301,4.0
311,"오, 친애하는 숙적",https://image-comic.pstatic.net/webtoon/790840/thumbnail/thumbnail_IMAG21_985b42dd-93fd-46fc-8e06-7cd2c32a03ac.jpg,https://comic.naver.com/webtoon/list?titleId=790840,2,-3.031193733215332,2.2882091999053955,2.0
312,THE 런웨이,https://image-comic.pstatic.net/webtoon/771912/thumbnail/thumbnail_IMAG21_f5c91d16-dbed-423a-be2a-ea025ef95ead.jpg,https://comic.naver.com/webtoon/list?titleId=771912,1,-0.2748195230960846,5.302390098571777,1.0
313,"엔딩, 바꿔보려합니다",https://image-comic.pstatic.net/webtoon/802378/thumbnail/thumbnail_IMAG21_125f2441-6e6a-4cea-bfec-2969a1107fcf.jpg,https://comic.naver.com/webtoon/list?titleId=802378,0,-4.920798301696777,1.0146228075027466,0.0
314,마녀의 심판은 꽃이 된다,https://image-comic.pstatic.net/webtoon/783862/thumbnail/thumbnail_IMAG21_b6f9ba07-4dfb-40cc-ada9-f397489e7b6d.jpg,https://comic.naver.com/webtoon/list?titleId=783862,4,-0.965492308139801,-4.801098823547363,4.0
315,케찰코아틀 - 다빗,https://image-comic.pstatic.net/webtoon/805746/thumbnail/thumbnail_IMAG21_caf881fb-bc3c-43ef-8ea0-3e4885836ec1.jpg,https://comic.naver.com/webtoon/list?titleId=805746,3,5.89211893081665,2.5087716579437256,3.0
316,나의 불편한 상사,https://image-comic.pstatic.net/webtoon/799165/thumbnail/thumbnail_IMAG21_e4cf53a5-8d69-435d-95eb-a68a0128580e.jpg,https://comic.naver.com/webtoon/list?titleId=799165,4,2.4689462184906006,-4.251918792724609,4.0
317,독거미,https://image-comic.pstatic.net/webtoon/802272/thumbnail/thumbnail_IMAG21_bbcca2f4-1063-4a0b-9af7-b7a714171b71.jpg,https://comic.naver.com/webtoon/list?titleId=802272,0,-5.780622482299805,-4.991084575653076,0.0
318,달의 요람,https://image-comic.pstatic.net/webtoon/762035/thumbnail/thumbnail_IMAG21_4123154521771304291.jpg,https://comic.naver.com/webtoon/list?titleId=762035,1,-0.737143337726593,1.0445797443389893,1.0
319,너와 XX,https://image-comic.pstatic.net/webtoon/807655/thumbnail/thumbnail_IMAG21_d962d301-4188-46d7-89dc-77aa4c9373a5.jpg,https://comic.naver.com/webtoon/list?titleId=807655,3,4.064046859741211,-1.1993497610092163,3.0
320,환상연가,https://image-comic.pstatic.net/webtoon/784506/thumbnail/thumbnail_IMAG21_4134924793763147832.jpg,https://comic.naver.com/webtoon/list?titleId=784506,0,-9.296390533447266,2.114313840866089,0.0
321,가상&RPG,https://image-comic.pstatic.net/webtoon/785701/thumbnail/thumbnail_IMAG21_b93b84ea-264c-47e2-9f55-24e719e65eb9.jpg,https://comic.naver.com/webtoon/list?titleId=785701,0,-6.471865177154541,-0.29215413331985474,0.0
322,진짜 진짜 이혼해,https://image-comic.pstatic.net/webtoon/790409/thumbnail/thumbnail_IMAG21_a7521a4b-7046-47fe-826e-194cb9d344a9.jpg,https://comic.naver.com/webtoon/list?titleId=790409,1,0.31954529881477356,1.4644759893417358,1.0
323,아빠같은 남자,https://image-comic.pstatic.net/webtoon/774451/thumbnail/thumbnail_IMAG21_dfacd585-dc48-410e-b91d-1a3131a4c54d.jpg,https://comic.naver.com/webtoon/list?titleId=774451,3,1.8952349424362183,-0.9134354591369629,3.0
324,"황궁에 핀 꽃은, 미쳤다",https://image-comic.pstatic.net/webtoon/796324/thumbnail/thumbnail_IMAG21_175639ba-4f7b-499e-ba95-86235b11b2db.jpg,https://comic.naver.com/webtoon/list?titleId=796324,1,-0.7422918677330017,3.2691078186035156,1.0
325,시에라,https://image-comic.pstatic.net/webtoon/778707/thumbnail/thumbnail_IMAG21_11a053f0-4b9f-4f21-b526-2300c5605c2d.jpg,https://comic.naver.com/webtoon/list?titleId=778707,0,-3.6141273975372314,0.6484956741333008,0.0
326,황제사냥,https://image-comic.pstatic.net/webtoon/800304/thumbnail/thumbnail_IMAG21_a97d059c-7eae-4e7c-afa0-74a6d2ac4c15.jpg,https://comic.naver.com/webtoon/list?titleId=800304,2,-5.463635444641113,2.6927592754364014,2.0
327,따개비,https://image-comic.pstatic.net/webtoon/792277/thumbnail/thumbnail_IMAG21_a0d9827b-0e2c-48ce-a1ca-ccb2d4ff65f1.jpg,https://comic.naver.com/webtoon/list?titleId=792277,2,-3.7911882400512695,4.000390529632568,2.0
328,부캐인생,https://image-comic.pstatic.net/webtoon/791258/thumbnail/thumbnail_IMAG21_7161908888893337954.jpg,https://comic.naver.com/webtoon/list?titleId=791258,4,-2.305081605911255,-3.204702377319336,4.0
329,천재의 게임방송,https://image-comic.pstatic.net/webtoon/797417/thumbnail/thumbnail_IMAG21_3689123419153130802.jpg,https://comic.naver.com/webtoon/list?titleId=797417,2,-2.270099639892578,3.631967306137085,2.0
330,로맨틱 태평수산,https://image-comic.pstatic.net/webtoon/792125/thumbnail/thumbnail_IMAG21_74ba68fa-63d8-41d1-9db2-09f6235dbd2d.jpg,https://comic.naver.com/webtoon/list?titleId=792125,4,0.004263757728040218,-3.060251474380493,4.0
331,35cm,https://image-comic.pstatic.net/webtoon/703847/thumbnail/thumbnail_IMAG21_75e07916-d264-42ee-8af7-2788f8b9235f.jpg,https://comic.naver.com/webtoon/list?titleId=703847,1,1.5874383449554443,0.46141868829727173,1.0
332,사기 친 공작님을 유혹해버렸다,https://image-comic.pstatic.net/webtoon/802849/thumbnail/thumbnail_IMAG21_4c99d9c3-76da-444d-b9be-d698741e54fe.jpg,https://comic.naver.com/webtoon/list?titleId=802849,2,-2.550682544708252,3.1228015422821045,2.0
333,카루나,https://image-comic.pstatic.net/webtoon/754876/thumbnail/thumbnail_IMAG21_3904682673849053541.jpg,https://comic.naver.com/webtoon/list?titleId=754876,0,-5.767963886260986,2.3269309997558594,0.0
334,배트맨: 웨인 패밀리 어드벤처,https://image-comic.pstatic.net/webtoon/784989/thumbnail/thumbnail_IMAG21_3762867861630367334.jpg,https://comic.naver.com/webtoon/list?titleId=784989,4,1.9059025049209595,-3.8815295696258545,4.0
335,나쁜 마법사의 꿈,https://image-comic.pstatic.net/webtoon/787729/thumbnail/thumbnail_IMAG21_d6ca420b-0d77-40ec-b59b-8e44f785e79d.jpg,https://comic.naver.com/webtoon/list?titleId=787729,4,1.3080296516418457,-1.842042088508606,4.0
336,유월의 소한,https://image-comic.pstatic.net/webtoon/796492/thumbnail/thumbnail_IMAG21_4122820291731022946.jpg,https://comic.naver.com/webtoon/list?titleId=796492,4,1.2833831310272217,-2.220323324203491,4.0
337,보물과 괴물의 도시,https://image-comic.pstatic.net/webtoon/751993/thumbnail/thumbnail_IMAG21_7089003575688389985.jpg,https://comic.naver.com/webtoon/list?titleId=751993,0,-4.59827995300293,-4.514961242675781,0.0
338,권리행사자,https://image-comic.pstatic.net/webtoon/795929/thumbnail/thumbnail_IMAG21_0e1622aa-5ad0-4c87-a5bc-e61cc2491858.jpg,https://comic.naver.com/webtoon/list?titleId=795929,2,-1.2635642290115356,6.583437919616699,2.0
339,사랑하는 여배우들,https://image-comic.pstatic.net/webtoon/794644/thumbnail/thumbnail_IMAG21_7017844316221815094.jpg,https://comic.naver.com/webtoon/list?titleId=794644,0,-3.173464775085449,0.3248421549797058,0.0
340,외모지상주의,https://image-comic.pstatic.net/webtoon/641253/thumbnail/thumbnail_IMAG21_01672165-03c8-44b1-ba0e-ef82c9cfcd10.jpg,https://comic.naver.com/webtoon/list?titleId=641253,4,-1.6763702630996704,-0.7325025200843811,4.0
341,나 혼자 만렙 뉴비,https://image-comic.pstatic.net/webtoon/773797/thumbnail/thumbnail_IMAG21_4dda13fe-417f-45b9-9696-880f2487d41d.jpg,https://comic.naver.com/webtoon/list?titleId=773797,4,-1.8403480052947998,-4.118312835693359,4.0
342,광마회귀,https://image-comic.pstatic.net/webtoon/776601/thumbnail/thumbnail_IMAG21_7365135131254864183.jpg,https://comic.naver.com/webtoon/list?titleId=776601,2,-5.327220439910889,2.701577663421631,2.0
343,재혼 황후,https://image-comic.pstatic.net/webtoon/735661/thumbnail/thumbnail_IMAG21_4b3c44a0-f286-4878-bac3-84c3ec9dc0a1.jpg,https://comic.naver.com/webtoon/list?titleId=735661,1,-1.0800458192825317,2.3302247524261475,1.0
344,역대급 영지 설계사,https://image-comic.pstatic.net/webtoon/777767/thumbnail/thumbnail_IMAG21_cc85f891-272b-450a-b642-cffe1568ab71.jpg,https://comic.naver.com/webtoon/list?titleId=777767,4,-2.124619483947754,-1.4593065977096558,4.0
345,대학원 탈출일지,https://image-comic.pstatic.net/webtoon/790713/thumbnail/thumbnail_IMAG21_3919364435331003700.jpg,https://comic.naver.com/webtoon/list?titleId=790713,3,8.34468936920166,2.580310821533203,3.0
346,어쩌다보니 천생연분,https://image-comic.pstatic.net/webtoon/790245/thumbnail/thumbnail_IMAG21_3545003845982959922.jpg,https://comic.naver.com/webtoon/list?titleId=790245,1,0.9982284307479858,0.28185343742370605,1.0
347,데드퀸,https://image-comic.pstatic.net/webtoon/753478/thumbnail/thumbnail_IMAG21_4049077133597095219.jpg,https://comic.naver.com/webtoon/list?titleId=753478,0,-8.327277183532715,0.9344048500061035,0.0
348,개를 낳았다,https://image-comic.pstatic.net/webtoon/712362/thumbnail/thumbnail_IMAG21_7220173143199539507.jpg,https://comic.naver.com/webtoon/list?titleId=712362,2,-4.860944747924805,7.115594863891602,2.0
349,1초,https://image-comic.pstatic.net/webtoon/725586/thumbnail/thumbnail_IMAG21_17f81846-d1a9-43fd-83a4-f9e966b6b977.jpg,https://comic.naver.com/webtoon/list?titleId=725586,2,-4.583083629608154,4.927197456359863,2.0
350,"언니, 이번 생엔 내가 왕비야",https://image-comic.pstatic.net/webtoon/798917/thumbnail/thumbnail_IMAG21_ca84bfa2-c1c8-4621-9b4b-26dc745606f5.jpg,https://comic.naver.com/webtoon/list?titleId=798917,2,-1.7037341594696045,1.9909151792526245,2.0
351,죽지 않으려면,https://image-comic.pstatic.net/webtoon/772764/thumbnail/thumbnail_IMAG21_be1cd9e7-17da-449a-bc04-1294015fdbd5.jpg,https://comic.naver.com/webtoon/list?titleId=772764,1,1.6005641222000122,5.355011463165283,1.0
352,상남자,https://image-comic.pstatic.net/webtoon/751168/thumbnail/thumbnail_IMAG21_529c6125-cf14-435f-94ed-db1a2d499d84.jpg,https://comic.naver.com/webtoon/list?titleId=751168,1,-0.5363748669624329,6.377647876739502,1.0
353,세기말 풋사과 보습학원,https://image-comic.pstatic.net/webtoon/761722/thumbnail/thumbnail_IMAG21_8ad71820-0c48-418a-89e9-5c001e393f54.jpg,https://comic.naver.com/webtoon/list?titleId=761722,3,4.280508041381836,-2.2826247215270996,3.0
354,낙향문사전,https://image-comic.pstatic.net/webtoon/746534/thumbnail/thumbnail_IMAG21_3904681570744218160.jpg,https://comic.naver.com/webtoon/list?titleId=746534,2,-0.7761635184288025,6.591096878051758,2.0
355,사신,https://image-comic.pstatic.net/webtoon/799837/thumbnail/thumbnail_IMAG21_361ed944-3c87-481f-a3d9-0e02c12b027d.jpg,https://comic.naver.com/webtoon/list?titleId=799837,2,-6.738923072814941,4.5570244789123535,2.0
356,삼국지톡,https://image-comic.pstatic.net/webtoon/711422/thumbnail/thumbnail_IMAG21_fd8cb5db-01ab-4c7b-a2a9-920d4479d5f7.jpg,https://comic.naver.com/webtoon/list?titleId=711422,4,0.5822287797927856,-2.4294345378875732,4.0
357,천하제일 대사형,https://image-comic.pstatic.net/webtoon/802278/thumbnail/thumbnail_IMAG21_311b8a63-cb77-4198-b015-95ef835007ac.jpg,https://comic.naver.com/webtoon/list?titleId=802278,2,-5.812389373779297,3.236262083053589,2.0
358,A.I. 닥터,https://image-comic.pstatic.net/webtoon/765804/thumbnail/thumbnail_IMAG21_7003208699811542067.jpg,https://comic.naver.com/webtoon/list?titleId=765804,1,1.4650214910507202,0.4290023148059845,1.0
359,서울역 드루이드,https://image-comic.pstatic.net/webtoon/773476/thumbnail/thumbnail_IMAG21_7293972368624870449.jpg,https://comic.naver.com/webtoon/list?titleId=773476,2,-5.102548599243164,4.132241725921631,2.0
360,여우놀이,https://image-comic.pstatic.net/webtoon/768469/thumbnail/thumbnail_IMAG21_bff0c189-27cb-4859-8866-5f548210a578.jpg,https://comic.naver.com/webtoon/list?titleId=768469,1,-0.5175825357437134,3.755650281906128,1.0
361,약탈 신부,https://image-comic.pstatic.net/webtoon/804329/thumbnail/thumbnail_IMAG21_d09239e1-4e22-46a7-83df-b7094eceb403.jpg,https://comic.naver.com/webtoon/list?titleId=804329,1,0.695840060710907,2.155601739883423,1.0
362,전남편의 미친개를 길들였다,https://image-comic.pstatic.net/webtoon/804160/thumbnail/thumbnail_IMAG21_335a77d2-bbcd-4766-83f6-8d90120e9379.jpg,https://comic.naver.com/webtoon/list?titleId=804160,2,-2.825587272644043,4.986616134643555,2.0
363,나혼자 탑에서 농사,https://image-comic.pstatic.net/webtoon/808389/thumbnail/thumbnail_IMAG21_4a5ab33b-e6fe-4fbe-95b7-bd7fa6a9c156.jpg,https://comic.naver.com/webtoon/list?titleId=808389,3,3.911273241043091,-0.19312606751918793,3.0
364,선을 넘은 연애,https://image-comic.pstatic.net/webtoon/796980/thumbnail/thumbnail_IMAG21_3545002734307981623.jpg,https://comic.naver.com/webtoon/list?titleId=796980,3,2.6431689262390137,0.18281494081020355,3.0
365,히어로 킬러,https://image-comic.pstatic.net/webtoon/766563/thumbnail/thumbnail_IMAG21_b71167a5-4409-411e-96e8-f2dad9ddbe00.jpg,https://comic.naver.com/webtoon/list?titleId=766563,4,0.2592495083808899,0.04457451403141022,4.0
366,연애의 기록,https://image-comic.pstatic.net/webtoon/803792/thumbnail/thumbnail_IMAG21_ceb2e7d1-abc4-4351-823d-c410ffb1d379.jpg,https://comic.naver.com/webtoon/list?titleId=803792,1,2.463294267654419,1.0511095523834229,1.0
367,룸9,https://image-comic.pstatic.net/webtoon/809872/thumbnail/thumbnail_IMAG21_54a73ea1-f5b7-482e-81be-6e5d049b7e3e.jpg,https://comic.naver.com/webtoon/list?titleId=809872,1,5.296534061431885,3.469132900238037,1.0
368,더 게이머,https://image-comic.pstatic.net/webtoon/552960/thumbnail/thumbnail_IMAG21_ce8f3dbb-3891-4e83-9782-64fa7986946e.jpg,https://comic.naver.com/webtoon/list?titleId=552960,0,-3.348402976989746,-1.148733139038086,0.0
369,커플브레이커,https://image-comic.pstatic.net/webtoon/804832/thumbnail/thumbnail_IMAG21_6edbde13-770a-495c-98d8-5d1d46fcc045.jpeg,https://comic.naver.com/webtoon/list?titleId=804832,0,-4.065127372741699,-3.5212020874023438,0.0
370,그 기사가 레이디로 사는 법,https://image-comic.pstatic.net/webtoon/758675/thumbnail/thumbnail_IMAG21_b5ba4df8-fff7-47a0-86f0-2960a054e03e.jpg,https://comic.naver.com/webtoon/list?titleId=758675,0,-4.1648359298706055,1.5924928188323975,0.0
371,너의 미소가 함정,https://image-comic.pstatic.net/webtoon/741467/thumbnail/thumbnail_IMAG21_ea059962-650e-4424-ae2c-6d1dea40fec4.jpg,https://comic.naver.com/webtoon/list?titleId=741467,1,0.12588059902191162,5.22601318359375,1.0
372,플레이어,https://image-comic.pstatic.net/webtoon/745876/thumbnail/thumbnail_IMAG21_ad75ad2a-a372-4f6c-873c-41ddd2e11f79.jpg,https://comic.naver.com/webtoon/list?titleId=745876,0,-4.997639179229736,-1.7858954668045044,0.0
373,브레이커 : 이터널 포스,https://image-comic.pstatic.net/webtoon/794383/thumbnail/thumbnail_IMAG21_7017509145513376051.jpg,https://comic.naver.com/webtoon/list?titleId=794383,0,-6.528690814971924,-2.2309749126434326,0.0
374,말년용사,https://image-comic.pstatic.net/webtoon/773916/thumbnail/thumbnail_IMAG21_7a5dbee0-0997-41f9-99b3-bb062e18fb64.jpg,https://comic.naver.com/webtoon/list?titleId=773916,3,7.200199604034424,-1.7772258520126343,3.0
375,폭군님은 착하게 살고 싶어,https://image-comic.pstatic.net/webtoon/801736/thumbnail/thumbnail_IMAG21_4cef0649-b3cf-4a27-8eda-afb93d6f6bf4.jpg,https://comic.naver.com/webtoon/list?titleId=801736,2,-1.7672395706176758,3.552381992340088,2.0
376,소름일기,https://image-comic.pstatic.net/webtoon/800585/thumbnail/thumbnail_IMAG21_11721c44-7e70-45e2-bd2e-da1e4a51922b.jpg,https://comic.naver.com/webtoon/list?titleId=800585,3,4.147180557250977,-2.785938262939453,3.0
377,푸쉬오프,https://image-comic.pstatic.net/webtoon/784507/thumbnail/thumbnail_IMAG21_7076337200897603889.jpg,https://comic.naver.com/webtoon/list?titleId=784507,3,5.639158725738525,-2.3284246921539307,3.0
378,대위님! 이번 전쟁터는 이곳인가요?,https://image-comic.pstatic.net/webtoon/803767/thumbnail/thumbnail_IMAG21_63c2a7a4-ca93-4ab4-8224-769b3dfa692b.jpg,https://comic.naver.com/webtoon/list?titleId=803767,2,-3.575610637664795,1.5744754076004028,2.0
379,언다잉,https://image-comic.pstatic.net/webtoon/801555/thumbnail/thumbnail_IMAG21_e90dca57-f705-4a4e-8848-752d809b4b8b.jpg,https://comic.naver.com/webtoon/list?titleId=801555,4,-2.2597227096557617,-1.938022494316101,4.0
380,여름여자 하보이,https://image-comic.pstatic.net/webtoon/783540/thumbnail/thumbnail_IMAG21_68171ccc-7365-47ed-babe-6e20dc3fc3b5.jpg,https://comic.naver.com/webtoon/list?titleId=783540,4,0.6754788756370544,-3.7138254642486572,4.0
381,평화식당,https://image-comic.pstatic.net/webtoon/807829/thumbnail/thumbnail_IMAG21_7a731990-1b33-4d79-8c00-e8fe03460618.jpg,https://comic.naver.com/webtoon/list?titleId=807829,4,0.1926775723695755,-6.0234832763671875,4.0
382,그렇고 그런 바람에,https://image-comic.pstatic.net/webtoon/783527/thumbnail/thumbnail_IMAG21_e43d251c-2624-4f7d-871f-3c829ba25efa.jpg,https://comic.naver.com/webtoon/list?titleId=783527,1,0.5455068945884705,3.5833921432495117,1.0
383,여자를 사귀고 싶다,https://image-comic.pstatic.net/webtoon/800291/thumbnail/thumbnail_IMAG21_270cacdd-57f7-4388-abf2-9e13a43dca24.jpg,https://comic.naver.com/webtoon/list?titleId=800291,4,-1.6164333820343018,-4.13498592376709,4.0
384,쌈빡,https://image-comic.pstatic.net/webtoon/777515/thumbnail/thumbnail_IMAG21_54762710-164c-4341-90ac-d9cea424eb15.jpg,https://comic.naver.com/webtoon/list?titleId=777515,1,2.6033504009246826,5.005520820617676,1.0
385,그냥 선생님,https://image-comic.pstatic.net/webtoon/804333/thumbnail/thumbnail_IMAG21_b39d8b31-ca85-492f-8588-c766aa2b3c27.jpg,https://comic.naver.com/webtoon/list?titleId=804333,3,2.9307899475097656,-1.5725862979888916,3.0
386,온리호프,https://image-comic.pstatic.net/webtoon/800796/thumbnail/thumbnail_IMAG21_e5f6d283-25ac-4c32-be9a-b883c1ba7b87.jpg,https://comic.naver.com/webtoon/list?titleId=800796,1,2.393737554550171,2.8600387573242188,1.0
387,희란국연가,https://image-comic.pstatic.net/webtoon/783539/thumbnail/thumbnail_IMAG21_933f1e25-848e-480b-baf2-8808a8c9ee30.jpg,https://comic.naver.com/webtoon/list?titleId=783539,2,-2.619640588760376,2.5336496829986572,2.0
388,미친 후작을 길들이고 말았다,https://image-comic.pstatic.net/webtoon/778325/thumbnail/thumbnail_IMAG21_5998e09b-34fc-42fa-910b-ee9564be0a20.jpg,https://comic.naver.com/webtoon/list?titleId=778325,3,4.900310039520264,0.5102107524871826,3.0
389,바스티안,https://image-comic.pstatic.net/webtoon/805203/thumbnail/thumbnail_IMAG21_7c73fc44-700b-4bf4-a1a2-7d3e781638a8.jpg,https://comic.naver.com/webtoon/list?titleId=805203,2,-1.2358351945877075,3.2349255084991455,2.0
390,웅크,https://image-comic.pstatic.net/webtoon/800506/thumbnail/thumbnail_IMAG21_21640049-34da-44e5-82d7-bbb7aca3a3f8.jpg,https://comic.naver.com/webtoon/list?titleId=800506,3,7.3592305183410645,-0.4710201323032379,3.0
391,죽음으로 구원하사,https://image-comic.pstatic.net/webtoon/804318/thumbnail/thumbnail_IMAG21_b26fa842-0608-4939-aa2d-f37f67610f9f.jpg,https://comic.naver.com/webtoon/list?titleId=804318,4,-4.290966510772705,-4.965771198272705,4.0
392,킬 더 드래곤,https://image-comic.pstatic.net/webtoon/794102/thumbnail/thumbnail_IMAG21_f6a66314-b084-4f48-ae7d-e5ee5771f17a.jpg,https://comic.naver.com/webtoon/list?titleId=794102,1,1.1233611106872559,3.252685785293579,1.0
393,절대복종,https://image-comic.pstatic.net/webtoon/799524/thumbnail/thumbnail_IMAG21_b01c5e4c-fe6f-4817-a0db-b00b80b3ec94.jpeg,https://comic.naver.com/webtoon/list?titleId=799524,1,0.23701243102550507,4.230360507965088,1.0
394,후덜덜덜 남극전자,https://image-comic.pstatic.net/webtoon/732036/thumbnail/thumbnail_IMAG21_a5f5b19f-5c44-4adf-b801-ec831eadc27b.jpg,https://comic.naver.com/webtoon/list?titleId=732036,4,0.5060229301452637,-2.997736692428589,4.0
395,신컨의 원 코인 클리어,https://image-comic.pstatic.net/webtoon/805658/thumbnail/thumbnail_IMAG21_707d140c-65e7-4164-a885-dd99ea22f266.jpeg,https://comic.naver.com/webtoon/list?titleId=805658,3,5.981884002685547,0.9401220083236694,3.0
396,지옥 키우기,https://image-comic.pstatic.net/webtoon/800331/thumbnail/thumbnail_IMAG21_54515d5f-c297-48b9-a9ad-07c759d278b4.jpg,https://comic.naver.com/webtoon/list?titleId=800331,2,-4.411884784698486,3.239553451538086,2.0
397,성스러운 그대 이르시길,https://image-comic.pstatic.net/webtoon/801038/thumbnail/thumbnail_IMAG21_487ec2b2-9670-456f-9837-733602d048b1.jpg,https://comic.naver.com/webtoon/list?titleId=801038,2,-2.437570810317993,5.4739155769348145,2.0
398,스포,https://image-comic.pstatic.net/webtoon/756139/thumbnail/thumbnail_IMAG21_4eca2f9f-7265-4d1f-b49e-2f1060ae19c7.jpg,https://comic.naver.com/webtoon/list?titleId=756139,1,3.6147778034210205,6.427412033081055,1.0
399,이게 아닌데,https://image-comic.pstatic.net/webtoon/783863/thumbnail/thumbnail_IMAG21_57dd91be-0a96-4371-838d-68d5097dbc3a.jpg,https://comic.naver.com/webtoon/list?titleId=783863,1,0.2868269979953766,4.1938676834106445,1.0
400,몽홀,https://image-comic.pstatic.net/webtoon/644112/thumbnail/thumbnail_IMAG21_3618981192359294768.jpg,https://comic.naver.com/webtoon/list?titleId=644112,1,4.175538539886475,6.3441162109375,1.0
401,네버엔딩달링,https://image-comic.pstatic.net/webtoon/758660/thumbnail/thumbnail_IMAG21_3833467305617220449.jpg,https://comic.naver.com/webtoon/list?titleId=758660,4,-0.9247003197669983,-3.3274850845336914,4.0
402,지니오패스,https://image-comic.pstatic.net/webtoon/799148/thumbnail/thumbnail_IMAG21_1ae3f0d3-f4ed-4a90-86f0-dc7d028b1782.jpg,https://comic.naver.com/webtoon/list?titleId=799148,4,-2.8823752403259277,-6.952368259429932,4.0
403,악마라고 불러다오,https://image-comic.pstatic.net/webtoon/793853/thumbnail/thumbnail_IMAG21_3758400f-d46d-41a7-b5be-11ca210b9bc7.jpg,https://comic.naver.com/webtoon/list?titleId=793853,0,-2.358624219894409,0.11655029654502869,0.0
404,멜빈이 그들에게 남긴 것,https://image-comic.pstatic.net/webtoon/797442/thumbnail/thumbnail_IMAG21_cce91579-a3d8-45c0-b82e-c8e9a64faf69.jpg,https://comic.naver.com/webtoon/list?titleId=797442,1,0.3499130308628082,2.069085121154785,1.0
405,뜨거운 홍차,https://image-comic.pstatic.net/webtoon/801992/thumbnail/thumbnail_IMAG21_84951a6c-71f7-42d1-8656-2625b47a9de9.jpg,https://comic.naver.com/webtoon/list?titleId=801992,2,-2.1926491260528564,6.706808567047119,2.0
406,스토커의 하루,https://image-comic.pstatic.net/webtoon/794743/thumbnail/thumbnail_IMAG21_cda3c8aa-f076-439a-94e9-cdac4f0b5db7.jpeg,https://comic.naver.com/webtoon/list?titleId=794743,4,-2.4595680236816406,-5.318603515625,4.0
407,메소드 연기법,https://image-comic.pstatic.net/webtoon/799838/thumbnail/thumbnail_IMAG21_e19883fb-74f1-4491-9b72-8731946a11fc.jpg,https://comic.naver.com/webtoon/list?titleId=799838,4,-3.4623374938964844,-5.560125827789307,4.0
408,재앙의 날,https://image-comic.pstatic.net/webtoon/783520/thumbnail/thumbnail_IMAG21_3846462416433133112.jpg,https://comic.naver.com/webtoon/list?titleId=783520,0,-7.603773593902588,-0.6233904361724854,0.0
409,인피니티,https://image-comic.pstatic.net/webtoon/775140/thumbnail/thumbnail_IMAG21_2de7a216-571b-4bf9-81b6-11b37126d328.jpg,https://comic.naver.com/webtoon/list?titleId=775140,4,0.0017525850562378764,-7.596960067749023,4.0
410,백년게임,https://image-comic.pstatic.net/webtoon/751999/thumbnail/thumbnail_IMAG21_8797d0ef-cefd-463b-bf97-1361a5de293b.jpg,https://comic.naver.com/webtoon/list?titleId=751999,0,-4.865351676940918,0.44793856143951416,0.0
411,너의 키스씬,https://image-comic.pstatic.net/webtoon/794423/thumbnail/thumbnail_IMAG21_78b255d2-1610-4884-8226-6d2894c6fd35.jpg,https://comic.naver.com/webtoon/list?titleId=794423,4,1.164247751235962,-1.0107614994049072,4.0
412,우리 무슨 사이야?,https://image-comic.pstatic.net/webtoon/802906/thumbnail/thumbnail_IMAG21_a0759dac-4e68-4ce1-b787-a2a235d1bd37.jpg,https://comic.naver.com/webtoon/list?titleId=802906,1,0.5488183498382568,0.7466197609901428,1.0
413,합법해적 파르페,https://image-comic.pstatic.net/webtoon/729036/thumbnail/thumbnail_IMAG21_e7de7318-0952-49a2-9e24-335e0a321ce8.jpg,https://comic.naver.com/webtoon/list?titleId=729036,3,2.871924638748169,-3.396902561187744,3.0
414,연기는 처음인데요?!,https://image-comic.pstatic.net/webtoon/805893/thumbnail/thumbnail_IMAG21_bfdc4017-7983-4474-90bc-854779bdbdbf.jpg,https://comic.naver.com/webtoon/list?titleId=805893,4,0.920974612236023,-3.458721160888672,4.0
415,미드우트,https://image-comic.pstatic.net/webtoon/800006/thumbnail/thumbnail_IMAG21_027497ee-7115-4fb9-b8ae-d99f54e47e42.jpg,https://comic.naver.com/webtoon/list?titleId=800006,0,-2.1869070529937744,-0.24074213206768036,0.0
416,비밀친구,https://image-comic.pstatic.net/webtoon/797221/thumbnail/thumbnail_IMAG21_7089289671999633716.jpg,https://comic.naver.com/webtoon/list?titleId=797221,4,0.9776476621627808,-6.27394437789917,4.0
417,별빛 커튼콜,https://image-comic.pstatic.net/webtoon/793410/thumbnail/thumbnail_IMAG21_e2baecd4-0f45-40b2-9de9-667f86e1f7f2.jpg,https://comic.naver.com/webtoon/list?titleId=793410,3,3.7257449626922607,-1.630578637123108,3.0
418,"푸른 밤, 황홀의 윤무",https://image-comic.pstatic.net/webtoon/803119/thumbnail/thumbnail_IMAG21_cfc478c6-3b56-4bdf-b959-089775b2b916.jpg,https://comic.naver.com/webtoon/list?titleId=803119,2,-2.3358311653137207,4.2613525390625,2.0
419,여름의 너에게,https://image-comic.pstatic.net/webtoon/799220/thumbnail/thumbnail_IMAG21_23f445b9-eaee-4cb9-b9b1-4683779bff21.jpg,https://comic.naver.com/webtoon/list?titleId=799220,3,5.435101509094238,-0.8948273062705994,3.0
420,하나는 적고 둘은 너무 많아,https://image-comic.pstatic.net/webtoon/801773/thumbnail/thumbnail_IMAG21_ea1917eb-9a72-45ab-a7fe-fa5cbd90b2ca.jpg,https://comic.naver.com/webtoon/list?titleId=801773,3,1.611051082611084,-0.5134639143943787,3.0
421,신의 최애캐,https://image-comic.pstatic.net/webtoon/802578/thumbnail/thumbnail_IMAG21_d687ee7c-9d25-4b56-8b89-b0acf3c0662a.jpg,https://comic.naver.com/webtoon/list?titleId=802578,1,1.7874730825424194,3.3339059352874756,1.0
422,히트포인트,https://image-comic.pstatic.net/webtoon/758677/thumbnail/thumbnail_IMAG21_377b4b19-09d2-45c7-8054-705ab153bfcc.jpg,https://comic.naver.com/webtoon/list?titleId=758677,0,-4.990236759185791,0.30053168535232544,0.0
423,애증화음,https://image-comic.pstatic.net/webtoon/803371/thumbnail/thumbnail_IMAG21_51679319-175d-40ed-9df7-9c4de4e943c3.jpg,https://comic.naver.com/webtoon/list?titleId=803371,4,-3.4183411598205566,-3.906017780303955,4.0
424,크림슨 하트,https://image-comic.pstatic.net/webtoon/802733/thumbnail/thumbnail_IMAG21_99fc6540-7391-462a-b08b-326f55a8b354.jpg,https://comic.naver.com/webtoon/list?titleId=802733,0,-3.5085721015930176,0.8064839243888855,0.0
425,천상의 주인,https://image-comic.pstatic.net/webtoon/798622/thumbnail/thumbnail_IMAG21_0ef0aa87-52c2-4ea1-9b2e-c604648d8d20.jpg,https://comic.naver.com/webtoon/list?titleId=798622,0,-5.044227123260498,-0.01765955053269863,0.0
426,"행운을 빌어요, 용사님!",https://image-comic.pstatic.net/webtoon/775334/thumbnail/thumbnail_IMAG21_e6c8e9eb-715f-4d56-a0cb-6d8af732dd98.jpg,https://comic.naver.com/webtoon/list?titleId=775334,2,-3.5245792865753174,5.676450729370117,2.0
427,세라는 망돌,https://image-comic.pstatic.net/webtoon/802359/thumbnail/thumbnail_IMAG21_3fa11f89-cf2d-4258-b130-7dd84bc14c95.jpg,https://comic.naver.com/webtoon/list?titleId=802359,4,-0.7928941249847412,0.13300445675849915,4.0
428,기억해줘,https://image-comic.pstatic.net/webtoon/801699/thumbnail/thumbnail_IMAG21_5f6bd4f5-c1e6-4583-bc91-cd7afaf0f226.jpg,https://comic.naver.com/webtoon/list?titleId=801699,2,-3.406768321990967,5.108114719390869,2.0
429,너에게 입덕중,https://image-comic.pstatic.net/webtoon/799226/thumbnail/thumbnail_IMAG21_2c9e59fe-766a-4d2b-b58f-415213986d3d.jpg,https://comic.naver.com/webtoon/list?titleId=799226,3,3.052384853363037,-2.246901750564575,3.0
430,서울시 천사주의,https://image-comic.pstatic.net/webtoon/799478/thumbnail/thumbnail_IMAG21_e7fe0b67-9791-42b0-ab36-19bd2d7ea8a5.jpg,https://comic.naver.com/webtoon/list?titleId=799478,3,3.5425527095794678,-4.194734573364258,3.0
